{"stats":{"minecraft:picked_up":{"minecraft:charcoal":26,"minecraft:crafting_table":2,"minecraft:iron_chestplate":1,"minecraft:chicken":2,"alexscaves:cave_tablet":10,"epicfight:iron_longsword":1,"alexscaves:cave_codex":1,"minecraft:string":11,"minecraft:raw_copper":40,"minecraft:candle":4,"minecraft:cobbled_deepslate":512,"minecraft:beef":3,"minecraft:sugar_cane":9,"minecraft:egg":1,"minecraft:iron_boots":1,"minecraft:furnace":5,"minecraft:stick":12,"minecraft:raw_iron":20,"minecraft:torch":11,"minecraft:acacia_log":27,"epicfight:skillbook":1,"tombstone:grave_dust":1,"minecraft:pointed_dripstone":8,"minecraft:diorite":2,"minecraft:redstone":41,"minecraft:stone_sword":1,"minecraft:arrow":3,"minecraft:rotten_flesh":20,"alexscaves:spelunkery_table":3,"minecraft:mutton":4,"minecraft:white_wool":3,"minecraft:cobblestone":135,"minecraft:stripped_oak_log":2,"minecraft:feather":4,"minecraft:cooked_beef":6,"minecraft:andesite":18,"minecraft:leather":2,"minecraft:golden_leggings":1,"alexscaves:cave_book":1,"minecraft:tuff":174,"minecraft:oak_log":13,"minecraft:gunpowder":2,"minecraft:paper":21,"minecraft:lapis_lazuli":12,"minecraft:dirt":1,"minecraft:cooked_mutton":7,"minecraft:bone":4,"minecraft:acacia_planks":2,"minecraft:apple":3,"minecraft:wheat_seeds":2,"minecraft:raw_gold":22,"minecraft:iron_ingot":5,"minecraft:cooked_chicken":1,"minecraft:gray_bed":1,"minecraft:acacia_sapling":14,"minecraft:pumpkin":2,"minecraft:amethyst_shard":12,"minecraft:spider_eye":2,"minecraft:diamond":6,"minecraft:granite":1,"minecraft:oak_sapling":9,"minecraft:coal":82},"minecraft:mined":{"alexscaves:spelunkery_table":3,"minecraft:large_amethyst_bud":1,"minecraft:tuff":7,"minecraft:candle":1,"minecraft:granite":1,"minecraft:acacia_log":29,"minecraft:grass_block":1,"minecraft:furnace":5,"minecraft:iron_ore":10,"minecraft:cobbled_deepslate":2,"minecraft:andesite":20,"minecraft:pumpkin":1,"minecraft:deepslate_lapis_ore":2,"minecraft:pointed_dripstone":1,"minecraft:deepslate_iron_ore":3,"minecraft:stripped_oak_log":2,"minecraft:stone":95,"minecraft:deepslate_redstone_ore":4,"minecraft:medium_amethyst_bud":1,"minecraft:amethyst_cluster":3,"minecraft:crafting_table":2,"minecraft:torch":1,"minecraft:copper_ore":11,"minecraft:cobblestone":3,"minecraft:sugar_cane":3,"minecraft:diorite":1,"minecraft:grass":8,"minecraft:oak_log":13,"minecraft:coal_ore":56,"minecraft:cobweb":9,"minecraft:oak_leaves":2,"minecraft:deepslate":42},"minecraft:killed":{"minecraft:cave_spider":1,"minecraft:spider":2,"minecraft:skeleton":3,"minecraft:chicken":2,"minecraft:creeper":1,"minecraft:sheep":3,"minecraft:zombie":16,"minecraft:cow":1},"minecraft:custom":{"minecraft:mob_kills":29,"minecraft:interact_with_crafting_table":30,"minecraft:open_barrel":2,"minecraft:leave_game":2,"minecraft:time_since_death":39090,"minecraft:climb_one_cm":1830,"minecraft:sprint_one_cm":532384,"minecraft:walk_one_cm":791205,"minecraft:damage_blocked_by_shield":1425,"minecraft:drop":54,"minecraft:play_time":128563,"minecraft:deaths":5,"minecraft:sneak_time":726,"minecraft:walk_under_water_one_cm":4795,"minecraft:jump":2178,"minecraft:walk_on_water_one_cm":13895,"minecraft:total_world_time":128563,"minecraft:interact_with_furnace":61,"minecraft:interact_with_loom":8,"minecraft:sleep_in_bed":1,"minecraft:time_since_rest":12580,"minecraft:damage_taken":1843,"minecraft:damage_absorbed":656,"minecraft:damage_dealt":4923,"minecraft:swim_one_cm":7811,"minecraft:fly_one_cm":588827,"minecraft:open_chest":30,"minecraft:crouch_one_cm":3452,"tombstone:undead_killed":19,"minecraft:fall_one_cm":45509},"minecraft:used":{"minecraft:stone_sword":30,"minecraft:chest":2,"minecraft:shield":14,"minecraft:cooked_chicken":3,"minecraft:rotten_flesh":4,"minecraft:torch":45,"minecraft:tuff":4,"minecraft:wooden_axe":45,"minecraft:iron_helmet":1,"alexscaves:spelunkery_table":2,"minecraft:furnace":7,"tombstone:gift":4,"minecraft:egg":1,"minecraft:cooked_beef":9,"minecraft:acacia_planks":2,"minecraft:cobbled_deepslate":10,"minecraft:cooked_mutton":1,"epicfight:skillbook":2,"minecraft:stone_pickaxe":151,"minecraft:wooden_pickaxe":64,"epicfight:iron_longsword":68,"minecraft:glow_berries":3,"minecraft:crafting_table":3,"alexscaves:cave_book":1,"justhammers:iron_hammer":84,"minecraft:apple":3,"minecraft:iron_pickaxe":59,"minecraft:wooden_sword":8,"minecraft:cobblestone":4,"minecraft:andesite":1,"minecraft:stripped_oak_log":1},"minecraft:broken":{"minecraft:wooden_pickaxe":1,"minecraft:stone_pickaxe":1},"minecraft:dropped":{"minecraft:iron_ingot":6,"minecraft:wheat_seeds":1,"minecraft:lapis_lazuli":4,"minecraft:oak_log":3,"minecraft:feather":2,"minecraft:cobblestone":44,"minecraft:granite":1,"minecraft:stick":2,"minecraft:mutton":4,"tombstone:grave_dust":1,"alexscaves:cave_map":1,"minecraft:wooden_sword":1,"minecraft:acacia_planks":2,"minecraft:stone_sword":1,"minecraft:cobbled_deepslate":2,"alexscaves:cave_tablet":8,"minecraft:tuff":64,"minecraft:pointed_dripstone":8,"minecraft:rotten_flesh":11,"minecraft:stripped_oak_log":1,"justhammers:iron_hammer":1,"alexscaves:cave_book":1,"minecraft:andesite":17,"minecraft:golden_leggings":1,"epicfight:skillbook":1,"tombstone:tablet_of_cupidity":1},"minecraft:crafted":{"minecraft:wooden_sword":1,"minecraft:oak_planks":40,"minecraft:cooked_chicken":2,"minecraft:furnace":2,"alexscaves:cave_map":1,"minecraft:stone_pickaxe":2,"minecraft:chest":2,"minecraft:cooked_beef":3,"minecraft:crafting_table":1,"minecraft:wooden_pickaxe":1,"minecraft:iron_helmet":1,"minecraft:raw_gold_block":2,"minecraft:air":0,"justhammers:iron_hammer":1,"minecraft:shield":1,"minecraft:raw_gold":18,"minecraft:stick":16,"minecraft:iron_ingot":37,"minecraft:iron_pickaxe":1,"minecraft:wooden_axe":1,"minecraft:stone_sword":1,"minecraft:acacia_planks":12,"minecraft:torch":40},"minecraft:killed_by":{"minecraft:player":2,"minecraft:skeleton":3}},"DataVersion":3465}