{"stats":{"minecraft:picked_up":{"minecraft:iron_chestplate":1,"minecraft:charcoal":19,"minecraft:crafting_table":2,"minecraft:cooked_beef":6,"minecraft:feather":2,"minecraft:chicken":2,"minecraft:andesite":17,"minecraft:leather":2,"minecraft:golden_leggings":1,"alexscaves:cave_tablet":10,"alexscaves:cave_book":1,"minecraft:tuff":174,"minecraft:oak_log":13,"minecraft:lapis_lazuli":4,"epicfight:iron_longsword":1,"minecraft:dirt":1,"minecraft:string":7,"minecraft:paper":1,"minecraft:raw_copper":40,"minecraft:bone":2,"minecraft:apple":3,"minecraft:wheat_seeds":2,"minecraft:candle":4,"minecraft:cobbled_deepslate":498,"minecraft:raw_gold":22,"minecraft:iron_ingot":4,"minecraft:beef":3,"minecraft:cooked_chicken":1,"minecraft:sugar_cane":9,"minecraft:acacia_sapling":14,"minecraft:iron_boots":1,"minecraft:egg":1,"minecraft:furnace":5,"minecraft:stick":12,"minecraft:raw_iron":13,"minecraft:pumpkin":2,"minecraft:torch":11,"minecraft:acacia_log":27,"minecraft:pointed_dripstone":6,"minecraft:diorite":2,"minecraft:redstone":23,"minecraft:spider_eye":1,"minecraft:rotten_flesh":2,"minecraft:stone_sword":1,"minecraft:arrow":1,"minecraft:diamond":6,"alexscaves:spelunkery_table":1,"minecraft:oak_sapling":9,"minecraft:mutton":4,"minecraft:coal":60,"minecraft:white_wool":3,"minecraft:cobblestone":128},"minecraft:mined":{"alexscaves:spelunkery_table":1,"minecraft:tuff":7,"minecraft:candle":1,"minecraft:torch":1,"minecraft:crafting_table":2,"minecraft:acacia_log":29,"minecraft:grass_block":1,"minecraft:copper_ore":11,"minecraft:cobblestone":3,"minecraft:sugar_cane":3,"minecraft:diorite":1,"minecraft:furnace":5,"minecraft:iron_ore":1,"minecraft:andesite":19,"minecraft:pumpkin":1,"minecraft:deepslate_lapis_ore":1,"minecraft:grass":8,"minecraft:pointed_dripstone":1,"minecraft:oak_log":13,"minecraft:coal_ore":34,"minecraft:deepslate_iron_ore":2,"minecraft:cobweb":9,"minecraft:stone":88,"minecraft:oak_leaves":2,"minecraft:deepslate":26},"minecraft:killed":{"minecraft:cave_spider":1,"minecraft:skeleton":2,"minecraft:sheep":3,"minecraft:chicken":2,"minecraft:cow":1},"minecraft:custom":{"minecraft:interact_with_furnace":40,"minecraft:mob_kills":9,"minecraft:interact_with_crafting_table":22,"minecraft:open_barrel":1,"minecraft:interact_with_loom":7,"minecraft:leave_game":1,"minecraft:time_since_death":32596,"minecraft:time_since_rest":30197,"minecraft:sprint_one_cm":364502,"minecraft:damage_taken":1462,"minecraft:walk_one_cm":521795,"minecraft:drop":26,"minecraft:damage_dealt":1002,"minecraft:swim_one_cm":5394,"minecraft:fly_one_cm":372081,"minecraft:open_chest":12,"minecraft:crouch_one_cm":471,"minecraft:play_time":86380,"tombstone:undead_killed":2,"minecraft:deaths":4,"minecraft:sneak_time":169,"minecraft:walk_under_water_one_cm":991,"minecraft:jump":1525,"minecraft:walk_on_water_one_cm":8500,"minecraft:total_world_time":86380,"minecraft:fall_one_cm":28206},"minecraft:used":{"minecraft:stone_sword":30,"minecraft:stone_pickaxe":141,"minecraft:chest":2,"minecraft:wooden_pickaxe":64,"minecraft:cooked_chicken":3,"minecraft:torch":35,"minecraft:glow_berries":3,"minecraft:crafting_table":3,"alexscaves:cave_book":1,"minecraft:tuff":4,"justhammers:iron_hammer":84,"minecraft:wooden_axe":45,"minecraft:apple":3,"minecraft:iron_helmet":1,"alexscaves:spelunkery_table":1,"minecraft:wooden_sword":8,"minecraft:cobblestone":4,"minecraft:furnace":6,"minecraft:egg":1,"minecraft:cooked_beef":7,"minecraft:cobbled_deepslate":2},"minecraft:broken":{"minecraft:stone_pickaxe":1,"minecraft:wooden_pickaxe":1},"minecraft:dropped":{"minecraft:iron_ingot":6,"minecraft:wheat_seeds":1,"minecraft:stone_sword":1,"minecraft:cobbled_deepslate":2,"alexscaves:cave_tablet":8,"minecraft:tuff":64,"minecraft:pointed_dripstone":6,"minecraft:cobblestone":44,"alexscaves:cave_book":1,"minecraft:mutton":4,"minecraft:andesite":17,"minecraft:wooden_sword":1},"minecraft:crafted":{"minecraft:cooked_beef":3,"minecraft:wooden_sword":1,"minecraft:oak_planks":40,"minecraft:crafting_table":1,"minecraft:iron_helmet":1,"minecraft:wooden_pickaxe":1,"minecraft:cooked_chicken":2,"minecraft:raw_gold_block":2,"minecraft:furnace":1,"minecraft:air":0,"justhammers:iron_hammer":1,"minecraft:raw_gold":18,"minecraft:stick":8,"minecraft:iron_ingot":10,"minecraft:stone_pickaxe":2,"minecraft:wooden_axe":1,"minecraft:stone_sword":1,"minecraft:chest":2,"minecraft:torch":24},"minecraft:killed_by":{"minecraft:player":2,"minecraft:skeleton":2}},"DataVersion":3465}