{"stats":{"minecraft:picked_up":{"minecraft:wheat":54,"minecraft:charcoal":83,"minecraft:crafting_table":3,"minecraft:iron_chestplate":1,"minecraft:chicken":6,"alexscaves:cave_tablet":10,"minecraft:enchanted_book":3,"minecraft:amethyst_block":129,"epicfight:iron_longsword":1,"alexscaves:cave_codex":1,"minecraft:string":16,"minecraft:raw_copper":40,"minecraft:iron_leggings":1,"minecraft:item_frame":5,"minecraft:experience_bottle":6,"minecraft:candle":8,"minecraft:cobbled_deepslate":513,"minecraft:bucket":1,"minecraft:beef":3,"minecraft:sugar_cane":27,"minecraft:egg":4,"minecraft:iron_boots":4,"minecraft:furnace":5,"minecraft:stick":32,"minecraft:raw_iron":34,"minecraft:torch":14,"minecraft:acacia_log":27,"minecraft:porkchop":1,"epicfight:skillbook":5,"tombstone:grave_dust":2,"minecraft:pointed_dripstone":8,"minecraft:diorite":23,"minecraft:redstone":44,"minecraft:stone_sword":1,"minecraft:arrow":9,"minecraft:rotten_flesh":22,"minecraft:hay_block":10,"alexscaves:spelunkery_table":3,"minecraft:gold_ingot":38,"paraglider:horned_statue":2,"minecraft:mutton":6,"minecraft:rail":12,"minecraft:white_wool":19,"minecraft:cobblestone":141,"minecraft:stripped_oak_log":2,"minecraft:magma_block":6,"minecraft:feather":8,"minecraft:cooked_beef":9,"minecraft:andesite":18,"minecraft:black_bed":6,"minecraft:leather":2,"minecraft:golden_leggings":1,"minecraft:flint":1,"alexscaves:cave_book":1,"minecraft:tuff":174,"minecraft:oak_log":67,"minecraft:gunpowder":2,"minecraft:paper":21,"minecraft:lapis_lazuli":38,"minecraft:dirt":2,"minecraft:cooked_mutton":7,"minecraft:bone":8,"minecraft:acacia_planks":6,"minecraft:apple":10,"minecraft:wheat_seeds":170,"minecraft:raw_gold":77,"minecraft:iron_ingot":13,"minecraft:cooked_chicken":1,"minecraft:gray_bed":3,"minecraft:oak_planks":3,"minecraft:acacia_sapling":14,"minecraft:book":10,"minecraft:scaffolding":1,"minecraft:cooked_porkchop":1,"minecraft:pumpkin":2,"minecraft:gravel":11,"minecraft:sand":23,"minecraft:amethyst_shard":88,"minecraft:spider_eye":2,"travelersbackpack:standard":4,"minecraft:slime_ball":3,"minecraft:diamond":35,"minecraft:writable_book":1,"ironfurnaces:copper_furnace":1,"minecraft:iron_helmet":1,"minecraft:granite":1,"minecraft:black_wool":1,"minecraft:oak_sapling":40,"minecraft:coal":82},"minecraft:mined":{"alexscaves:spelunkery_table":3,"minecraft:large_amethyst_bud":5,"minecraft:tuff":7,"minecraft:candle":1,"minecraft:budding_amethyst":12,"minecraft:granite":1,"minecraft:acacia_log":29,"minecraft:grass_block":7,"minecraft:hay_block":10,"minecraft:tall_seagrass":1,"minecraft:magma_block":3,"minecraft:furnace":5,"minecraft:iron_ore":31,"minecraft:fire":7,"minecraft:cobbled_deepslate":2,"minecraft:andesite":21,"minecraft:pumpkin":1,"minecraft:deepslate_lapis_ore":2,"minecraft:pointed_dripstone":1,"minecraft:dirt_path":1,"minecraft:deepslate_iron_ore":3,"minecraft:small_amethyst_bud":1,"minecraft:stripped_oak_log":2,"minecraft:stone":100,"minecraft:white_wool":15,"minecraft:deepslate_redstone_ore":4,"minecraft:medium_amethyst_bud":4,"minecraft:amethyst_cluster":24,"travelersbackpack:standard":1,"ironfurnaces:copper_furnace":1,"minecraft:crafting_table":3,"minecraft:torch":2,"minecraft:copper_ore":11,"minecraft:cobblestone":3,"minecraft:lapis_ore":4,"minecraft:sugar_cane":12,"minecraft:diorite":11,"minecraft:wall_torch":2,"minecraft:amethyst_block":86,"minecraft:wheat":54,"minecraft:gray_bed":3,"minecraft:black_bed":5,"minecraft:grass":19,"minecraft:oak_log":67,"minecraft:coal_ore":58,"minecraft:gravel":12,"minecraft:sand":26,"minecraft:dirt":4,"minecraft:cobweb":9,"minecraft:acacia_planks":2,"minecraft:oak_leaves":5,"minecraft:deepslate":42},"minecraft:killed":{"minecraft:cave_spider":1,"minecraft:spider":5,"minecraft:skeleton":8,"minecraft:chicken":6,"minecraft:pig":2,"minecraft:creeper":1,"minecraft:sheep":5,"minecraft:pillager":11,"minecraft:zombie":21,"minecraft:cow":5},"minecraft:custom":{"minecraft:interact_with_smithing_table":2,"minecraft:mob_kills":66,"minecraft:interact_with_crafting_table":48,"minecraft:open_barrel":2,"minecraft:leave_game":2,"minecraft:time_since_death":177090,"minecraft:climb_one_cm":1830,"minecraft:sprint_one_cm":1229267,"minecraft:walk_one_cm":1592613,"minecraft:damage_blocked_by_shield":2618,"minecraft:drop":161,"minecraft:talked_to_villager":1,"minecraft:play_time":266563,"minecraft:deaths":5,"minecraft:sneak_time":2391,"minecraft:walk_under_water_one_cm":16825,"minecraft:jump":4470,"minecraft:walk_on_water_one_cm":27529,"minecraft:total_world_time":266563,"minecraft:interact_with_furnace":93,"tombstone:raider_killed":11,"minecraft:traded_with_villager":2,"minecraft:interact_with_loom":8,"minecraft:sleep_in_bed":8,"minecraft:time_since_rest":53187,"minecraft:waystone_activated":2,"minecraft:damage_taken":1922,"minecraft:damage_absorbed":2274,"minecraft:damage_dealt":10265,"minecraft:swim_one_cm":25394,"minecraft:fly_one_cm":1460783,"minecraft:open_chest":68,"minecraft:crouch_one_cm":11793,"tombstone:undead_killed":29,"minecraft:interact_with_smoker":4,"minecraft:fall_one_cm":113190},"minecraft:used":{"ironfurnaces:copper_furnace":1,"minecraft:stone_sword":30,"minecraft:flint_and_steel":6,"minecraft:chest":2,"minecraft:shield":29,"minecraft:wooden_shovel":13,"minecraft:cooked_chicken":5,"minecraft:rotten_flesh":4,"minecraft:torch":68,"minecraft:tuff":4,"minecraft:wooden_axe":45,"minecraft:iron_helmet":1,"minecraft:item_frame":2,"alexscaves:spelunkery_table":2,"minecraft:furnace":7,"minecraft:gray_bed":3,"tombstone:gift":5,"minecraft:egg":1,"minecraft:cooked_beef":15,"minecraft:acacia_planks":2,"minecraft:cobbled_deepslate":11,"minecraft:wheat_seeds":54,"minecraft:cooked_mutton":7,"epicfight:skillbook":11,"minecraft:diorite":1,"minecraft:amethyst_block":1,"minecraft:stone_pickaxe":156,"minecraft:wooden_pickaxe":64,"epicfight:iron_longsword":151,"minecraft:glow_berries":7,"minecraft:crafting_table":4,"alexscaves:cave_book":1,"minecraft:black_bed":3,"justhammers:iron_hammer":84,"minecraft:apple":3,"minecraft:bread":7,"minecraft:iron_pickaxe":228,"minecraft:gravel":11,"minecraft:stone_axe":65,"minecraft:wooden_sword":8,"minecraft:cobblestone":4,"travelersbackpack:standard":6,"minecraft:bucket":6,"minecraft:andesite":1,"epicfight:diamond_longsword":23,"minecraft:stripped_oak_log":1,"minecraft:experience_bottle":1},"minecraft:broken":{"minecraft:wooden_pickaxe":1,"minecraft:stone_pickaxe":1},"minecraft:dropped":{"minecraft:iron_ingot":21,"minecraft:wheat_seeds":1,"minecraft:lapis_lazuli":4,"minecraft:oak_log":3,"minecraft:diamond":13,"minecraft:crafting_table":1,"minecraft:iron_helmet":2,"minecraft:feather":8,"minecraft:cobblestone":46,"minecraft:glow_berries":3,"alexscaves:spelunkery_table":1,"minecraft:black_bed":2,"minecraft:leather":2,"minecraft:amethyst_block":64,"minecraft:granite":1,"travelersbackpack:standard":2,"minecraft:rail":12,"minecraft:golden_apple":2,"epicfight:iron_longsword":1,"minecraft:stick":11,"minecraft:diorite":10,"minecraft:mutton":4,"minecraft:iron_leggings":2,"tombstone:grave_dust":1,"minecraft:writable_book":1,"alexscaves:cave_map":1,"minecraft:wooden_sword":1,"minecraft:sand":23,"minecraft:iron_pickaxe":1,"minecraft:white_wool":16,"minecraft:acacia_planks":4,"minecraft:stone_axe":1,"minecraft:sugar_cane":9,"minecraft:stone_sword":1,"minecraft:cobbled_deepslate":67,"paraglider:horned_statue":2,"alexscaves:cave_tablet":9,"minecraft:tuff":64,"minecraft:raw_iron":14,"minecraft:pointed_dripstone":8,"minecraft:rotten_flesh":13,"minecraft:oak_planks":4,"minecraft:iron_boots":4,"minecraft:stripped_oak_log":1,"minecraft:name_tag":1,"justhammers:iron_hammer":1,"alexscaves:cave_book":1,"minecraft:iron_chestplate":1,"minecraft:andesite":17,"minecraft:wooden_shovel":1,"minecraft:golden_leggings":1,"minecraft:glass":27,"minecraft:raw_gold":55,"minecraft:arrow":10,"minecraft:stone_pickaxe":1,"minecraft:scaffolding":1,"minecraft:magma_block":3,"epicfight:skillbook":2,"tombstone:tablet_of_cupidity":1},"minecraft:crafted":{"minecraft:wooden_sword":1,"minecraft:oak_planks":256,"minecraft:cooked_chicken":4,"minecraft:furnace":2,"alexscaves:cave_map":1,"minecraft:flint_and_steel":1,"minecraft:glass":27,"minecraft:diamond_helmet":1,"minecraft:diamond_leggings":1,"minecraft:stone_pickaxe":2,"minecraft:diamond_boots":1,"minecraft:chest":2,"minecraft:cooked_beef":3,"minecraft:wooden_shovel":1,"minecraft:diamond_sword":1,"minecraft:emerald":2,"epicfight:diamond_longsword":1,"minecraft:crafting_table":2,"minecraft:wooden_pickaxe":1,"minecraft:iron_helmet":1,"minecraft:raw_gold_block":2,"minecraft:stone_axe":2,"minecraft:bread":18,"minecraft:air":0,"justhammers:iron_hammer":1,"minecraft:golden_apple":4,"minecraft:shield":1,"minecraft:raw_gold":18,"minecraft:stick":100,"minecraft:iron_ingot":37,"minecraft:iron_pickaxe":1,"minecraft:wooden_axe":1,"minecraft:stone_sword":1,"minecraft:acacia_planks":12,"minecraft:torch":40,"minecraft:diamond_chestplate":1},"minecraft:killed_by":{"minecraft:player":2,"minecraft:skeleton":3}},"DataVersion":3465}