{"stats":{"minecraft:picked_up":{"minecraft:charcoal":83,"minecraft:crafting_table":3,"minecraft:iron_chestplate":1,"minecraft:chicken":6,"alexscaves:cave_tablet":10,"minecraft:amethyst_block":129,"epicfight:iron_longsword":1,"alexscaves:cave_codex":1,"minecraft:string":13,"minecraft:raw_copper":40,"minecraft:candle":8,"minecraft:cobbled_deepslate":513,"minecraft:beef":3,"minecraft:sugar_cane":9,"minecraft:egg":3,"minecraft:iron_boots":1,"minecraft:furnace":5,"minecraft:stick":12,"minecraft:raw_iron":34,"minecraft:torch":14,"minecraft:acacia_log":27,"epicfight:skillbook":4,"tombstone:grave_dust":1,"minecraft:pointed_dripstone":8,"minecraft:diorite":23,"minecraft:redstone":44,"minecraft:stone_sword":1,"minecraft:arrow":3,"minecraft:rotten_flesh":20,"alexscaves:spelunkery_table":3,"minecraft:mutton":4,"minecraft:rail":12,"minecraft:white_wool":18,"minecraft:cobblestone":141,"minecraft:stripped_oak_log":2,"minecraft:magma_block":6,"minecraft:feather":8,"minecraft:cooked_beef":6,"minecraft:andesite":18,"minecraft:black_bed":1,"minecraft:leather":2,"minecraft:golden_leggings":1,"alexscaves:cave_book":1,"minecraft:tuff":174,"minecraft:oak_log":13,"minecraft:gunpowder":2,"minecraft:paper":21,"minecraft:lapis_lazuli":38,"minecraft:dirt":1,"minecraft:cooked_mutton":7,"minecraft:bone":6,"minecraft:acacia_planks":2,"minecraft:apple":3,"minecraft:wheat_seeds":2,"minecraft:raw_gold":22,"minecraft:iron_ingot":5,"minecraft:cooked_chicken":1,"minecraft:gray_bed":3,"minecraft:acacia_sapling":14,"minecraft:pumpkin":2,"minecraft:amethyst_shard":88,"minecraft:spider_eye":2,"minecraft:diamond":6,"ironfurnaces:copper_furnace":1,"minecraft:granite":1,"minecraft:oak_sapling":18,"minecraft:coal":82},"minecraft:mined":{"alexscaves:spelunkery_table":3,"minecraft:large_amethyst_bud":5,"minecraft:tuff":7,"minecraft:candle":1,"minecraft:budding_amethyst":12,"minecraft:granite":1,"minecraft:acacia_log":29,"minecraft:grass_block":1,"minecraft:magma_block":3,"minecraft:furnace":5,"minecraft:iron_ore":31,"minecraft:cobbled_deepslate":2,"minecraft:andesite":21,"minecraft:pumpkin":1,"minecraft:deepslate_lapis_ore":2,"minecraft:pointed_dripstone":1,"minecraft:deepslate_iron_ore":3,"minecraft:small_amethyst_bud":1,"minecraft:stripped_oak_log":2,"minecraft:stone":100,"minecraft:white_wool":15,"minecraft:deepslate_redstone_ore":4,"minecraft:medium_amethyst_bud":4,"minecraft:amethyst_cluster":24,"ironfurnaces:copper_furnace":1,"minecraft:crafting_table":3,"minecraft:torch":2,"minecraft:copper_ore":11,"minecraft:cobblestone":3,"minecraft:lapis_ore":4,"minecraft:sugar_cane":3,"minecraft:diorite":11,"minecraft:wall_torch":2,"minecraft:amethyst_block":86,"minecraft:gray_bed":3,"minecraft:black_bed":1,"minecraft:grass":9,"minecraft:oak_log":13,"minecraft:coal_ore":58,"minecraft:cobweb":9,"minecraft:oak_leaves":2,"minecraft:deepslate":42},"minecraft:killed":{"minecraft:cave_spider":1,"minecraft:spider":3,"minecraft:skeleton":5,"minecraft:chicken":6,"minecraft:creeper":1,"minecraft:sheep":3,"minecraft:pillager":11,"minecraft:zombie":16,"minecraft:cow":1},"minecraft:custom":{"minecraft:mob_kills":48,"minecraft:interact_with_crafting_table":31,"minecraft:open_barrel":2,"minecraft:leave_game":2,"minecraft:time_since_death":87090,"minecraft:climb_one_cm":1830,"minecraft:sprint_one_cm":795772,"minecraft:walk_one_cm":1135630,"minecraft:damage_blocked_by_shield":2618,"minecraft:drop":79,"minecraft:play_time":176563,"minecraft:deaths":5,"minecraft:sneak_time":1706,"minecraft:walk_under_water_one_cm":12825,"minecraft:jump":2924,"minecraft:walk_on_water_one_cm":19210,"minecraft:total_world_time":176563,"minecraft:interact_with_furnace":77,"tombstone:raider_killed":11,"minecraft:interact_with_loom":8,"minecraft:sleep_in_bed":4,"minecraft:time_since_rest":4898,"minecraft:damage_taken":1867,"minecraft:damage_absorbed":1482,"minecraft:damage_dealt":8143,"minecraft:swim_one_cm":12564,"minecraft:fly_one_cm":817748,"minecraft:open_chest":52,"minecraft:crouch_one_cm":8380,"tombstone:undead_killed":21,"minecraft:fall_one_cm":64668},"minecraft:used":{"ironfurnaces:copper_furnace":1,"minecraft:stone_sword":30,"minecraft:chest":2,"minecraft:shield":29,"minecraft:cooked_chicken":3,"minecraft:rotten_flesh":4,"minecraft:torch":60,"minecraft:tuff":4,"minecraft:wooden_axe":45,"minecraft:iron_helmet":1,"alexscaves:spelunkery_table":2,"minecraft:furnace":7,"minecraft:gray_bed":3,"tombstone:gift":4,"minecraft:egg":1,"minecraft:cooked_beef":9,"minecraft:acacia_planks":2,"minecraft:cobbled_deepslate":11,"minecraft:cooked_mutton":7,"epicfight:skillbook":7,"minecraft:diorite":1,"minecraft:amethyst_block":1,"minecraft:stone_pickaxe":156,"minecraft:wooden_pickaxe":64,"epicfight:iron_longsword":128,"minecraft:glow_berries":7,"minecraft:crafting_table":3,"alexscaves:cave_book":1,"justhammers:iron_hammer":84,"minecraft:apple":3,"minecraft:iron_pickaxe":228,"minecraft:wooden_sword":8,"minecraft:cobblestone":4,"minecraft:andesite":1,"minecraft:stripped_oak_log":1,"minecraft:experience_bottle":1},"minecraft:broken":{"minecraft:wooden_pickaxe":1,"minecraft:stone_pickaxe":1},"minecraft:dropped":{"minecraft:iron_ingot":14,"minecraft:wheat_seeds":1,"minecraft:lapis_lazuli":4,"minecraft:oak_log":3,"minecraft:crafting_table":1,"minecraft:feather":2,"minecraft:cobblestone":46,"minecraft:glow_berries":3,"alexscaves:spelunkery_table":1,"minecraft:amethyst_block":64,"minecraft:granite":1,"minecraft:rail":12,"minecraft:stick":2,"minecraft:diorite":10,"minecraft:mutton":4,"tombstone:grave_dust":1,"alexscaves:cave_map":1,"minecraft:wooden_sword":1,"minecraft:iron_pickaxe":1,"minecraft:acacia_planks":2,"minecraft:sugar_cane":9,"minecraft:stone_sword":1,"minecraft:cobbled_deepslate":67,"alexscaves:cave_tablet":9,"minecraft:tuff":64,"minecraft:raw_iron":14,"minecraft:pointed_dripstone":8,"minecraft:rotten_flesh":11,"minecraft:stripped_oak_log":1,"minecraft:name_tag":1,"justhammers:iron_hammer":1,"alexscaves:cave_book":1,"minecraft:andesite":17,"minecraft:golden_leggings":1,"minecraft:arrow":4,"minecraft:magma_block":3,"epicfight:skillbook":2,"tombstone:tablet_of_cupidity":1},"minecraft:crafted":{"minecraft:wooden_sword":1,"minecraft:oak_planks":40,"minecraft:cooked_chicken":2,"minecraft:furnace":2,"alexscaves:cave_map":1,"minecraft:stone_pickaxe":2,"minecraft:chest":2,"minecraft:cooked_beef":3,"minecraft:crafting_table":1,"minecraft:wooden_pickaxe":1,"minecraft:iron_helmet":1,"minecraft:raw_gold_block":2,"minecraft:air":0,"justhammers:iron_hammer":1,"minecraft:shield":1,"minecraft:raw_gold":18,"minecraft:stick":16,"minecraft:iron_ingot":37,"minecraft:iron_pickaxe":1,"minecraft:wooden_axe":1,"minecraft:stone_sword":1,"minecraft:acacia_planks":12,"minecraft:torch":40},"minecraft:killed_by":{"minecraft:player":2,"minecraft:skeleton":3}},"DataVersion":3465}