{"stats":{"minecraft:killed":{"minecraft:skeleton":1,"minecraft:husk":4,"minecraft:zombie":1,"minecraft:spider":1},"minecraft:custom":{"minecraft:time_since_rest":2215,"minecraft:sprint_one_cm":86166,"minecraft:damage_taken":1978,"minecraft:walk_one_cm":150024,"minecraft:mob_kills":7,"minecraft:damage_dealt":2075,"minecraft:damage_dealt_absorbed":28,"minecraft:fly_one_cm":283356,"minecraft:crouch_one_cm":964,"minecraft:play_time":46053,"tombstone:undead_killed":6,"minecraft:deaths":4,"minecraft:sneak_time":403,"minecraft:jump":213,"minecraft:leave_game":1,"minecraft:time_since_death":2576,"minecraft:total_world_time":46053,"minecraft:fall_one_cm":4446},"minecraft:mined":{"minecraft:sand":5},"minecraft:picked_up":{"minecraft:sandstone":3,"alexscaves:acid_bucket":1,"epicfight:skillbook":2,"minecraft:sand":6,"tombstone:grave_dust":1,"alexscaves:hazmat_leggings":1,"alexscaves:hazmat_boots":1,"twilightforest:knightmetal_sword":1,"alexscaves:radon_bottle":1,"alexscaves:radgill_bucket":1,"minecraft:iron_shovel":1,"minecraft:arrow":1,"minecraft:rotten_flesh":8,"alexscaves:hazmat_mask":1,"relics:arrow_quiver":1,"minecraft:cooked_chicken":9,"minecraft:azalea_leaves":1,"alexscaves:hazmat_chestplate":1},"minecraft:used":{"epicfight:skillbook":2,"twilightforest:knightmetal_sword":29,"minecraft:cooked_chicken":2,"minecraft:rotten_flesh":1,"minecraft:sand":3,"tombstone:gift":2},"minecraft:killed_by":{"minecraft:husk":1,"minecraft:creeper":1}},"DataVersion":3465}