{"stats":{"minecraft:killed":{"minecraft:skeleton":1,"minecraft:spider":1,"minecraft:husk":2,"minecraft:zombie":1},"minecraft:custom":{"minecraft:crouch_one_cm":568,"minecraft:time_since_rest":8057,"minecraft:deaths":3,"minecraft:damage_taken":1978,"minecraft:play_time":39833,"minecraft:sprint_one_cm":82536,"tombstone:undead_killed":4,"minecraft:walk_one_cm":131270,"minecraft:sneak_time":270,"minecraft:mob_kills":5,"minecraft:jump":203,"minecraft:damage_dealt":1692,"minecraft:time_since_death":8926,"minecraft:total_world_time":39833,"minecraft:damage_dealt_absorbed":28,"minecraft:fall_one_cm":4446,"minecraft:fly_one_cm":236323},"minecraft:mined":{"minecraft:sand":5},"minecraft:picked_up":{"minecraft:iron_shovel":1,"minecraft:arrow":1,"minecraft:rotten_flesh":5,"alexscaves:hazmat_mask":1,"alexscaves:acid_bucket":1,"epicfight:skillbook":2,"minecraft:cooked_chicken":9,"minecraft:sand":6,"minecraft:azalea_leaves":1,"alexscaves:hazmat_leggings":1,"alexscaves:hazmat_boots":1,"alexscaves:hazmat_chestplate":1,"twilightforest:knightmetal_sword":1,"alexscaves:radon_bottle":1,"alexscaves:radgill_bucket":1,"minecraft:sandstone":3},"minecraft:used":{"minecraft:cooked_chicken":2,"epicfight:skillbook":2,"minecraft:sand":2,"tombstone:gift":2,"twilightforest:knightmetal_sword":19},"minecraft:killed_by":{"minecraft:husk":1,"minecraft:creeper":1}},"DataVersion":3465}