{"stats":{"minecraft:killed":{"minecraft:skeleton":2,"minecraft:husk":6,"minecraft:zombie":1,"minecraft:spider":1},"minecraft:custom":{"minecraft:time_since_rest":11486,"minecraft:damage_taken":1978,"minecraft:sprint_one_cm":96891,"minecraft:walk_one_cm":179153,"minecraft:mob_kills":10,"minecraft:drop":1,"minecraft:damage_dealt":2672,"minecraft:damage_dealt_absorbed":28,"minecraft:fly_one_cm":395438,"minecraft:open_chest":3,"minecraft:crouch_one_cm":1041,"minecraft:play_time":55324,"tombstone:undead_killed":9,"minecraft:deaths":4,"minecraft:sneak_time":583,"minecraft:jump":257,"minecraft:leave_game":1,"minecraft:time_since_death":11847,"minecraft:total_world_time":55324,"minecraft:fall_one_cm":4446},"minecraft:mined":{"minecraft:sand":5},"minecraft:dropped":{"alexscaves:cave_map":1},"minecraft:picked_up":{"minecraft:sandstone":3,"alexscaves:acid_bucket":1,"epicfight:skillbook":2,"minecraft:sand":8,"tombstone:grave_dust":1,"alexscaves:hazmat_leggings":1,"alexscaves:hazmat_boots":1,"twilightforest:knightmetal_sword":1,"alexscaves:radon_bottle":1,"alexscaves:radgill_bucket":1,"minecraft:bone":3,"minecraft:iron_shovel":1,"minecraft:arrow":3,"minecraft:rotten_flesh":9,"alexscaves:hazmat_mask":1,"relics:arrow_quiver":1,"minecraft:cooked_chicken":9,"alexscaves:cave_map":1,"minecraft:azalea_leaves":1,"alexscaves:hazmat_chestplate":1},"minecraft:used":{"epicfight:skillbook":2,"twilightforest:knightmetal_sword":41,"minecraft:rotten_flesh":1,"minecraft:cooked_chicken":2,"minecraft:sand":3,"tombstone:gift":2},"minecraft:killed_by":{"minecraft:husk":1,"minecraft:creeper":1}},"DataVersion":3465}