{"stats":{"minecraft:killed":{"minecraft:cave_spider":1,"minecraft:spider":8,"minecraft:skeleton":16,"minecraft:chicken":6,"minecraft:pig":2,"minecraft:creeper":7,"minecraft:sheep":6,"minecraft:pillager":11,"minecraft:zombie":40,"minecraft:cow":5,"minecraft:drowned":5},"minecraft:dropped":{"minecraft:candle":4,"minecraft:lapis_lazuli":4,"minecraft:oak_log":3,"epicfight:diamond_longsword":1,"minecraft:diamond":13,"minecraft:crafting_table":1,"minecraft:glow_berries":3,"minecraft:black_bed":2,"minecraft:leather":2,"travelersbackpack:standard":2,"minecraft:rail":12,"minecraft:dirt":2,"minecraft:dark_oak_log":138,"minecraft:mutton":7,"alexscaves:cave_map":1,"minecraft:wooden_sword":1,"minecraft:writable_book":1,"minecraft:sand":23,"minecraft:iron_pickaxe":1,"minecraft:dark_oak_planks":2,"minecraft:white_wool":16,"minecraft:stone_axe":2,"minecraft:sugar_cane":9,"minecraft:cobbled_deepslate":67,"alexscaves:cave_tablet":9,"minecraft:wheat":2,"minecraft:birch_sapling":1,"paraglider:horned_statue":2,"minecraft:pointed_dripstone":8,"minecraft:stripped_dark_oak_log":1,"minecraft:rotten_flesh":16,"minecraft:oak_planks":4,"justhammers:iron_hammer":1,"bosses_of_mass_destruction:soul_star":1,"alexscaves:cave_book":1,"minecraft:gunpowder":2,"minecraft:acacia_sapling":15,"minecraft:arrow":75,"minecraft:glass":27,"minecraft:scaffolding":1,"minecraft:egg":2,"minecraft:iron_ingot":21,"minecraft:wheat_seeds":127,"minecraft:smithing_table":1,"minecraft:iron_helmet":2,"minecraft:feather":8,"minecraft:cobblestone":46,"alexscaves:spelunkery_table":1,"minecraft:amethyst_block":64,"minecraft:granite":1,"minecraft:copper_ingot":1,"minecraft:golden_apple":2,"wom:golden_chrono":2,"minecraft:stick":13,"epicfight:iron_longsword":1,"relics:roller_skates":1,"minecraft:diorite":24,"minecraft:torch":2,"tombstone:grave_dust":1,"minecraft:iron_leggings":2,"minecraft:string":2,"minecraft:acacia_planks":4,"minecraft:spruce_sapling":4,"minecraft:stone_brick_slab":5,"minecraft:stone_sword":1,"minecraft:tuff":64,"minecraft:raw_iron":14,"minecraft:stone_shovel":1,"minecraft:iron_boots":4,"minecraft:stripped_oak_log":1,"minecraft:name_tag":1,"minecraft:filled_map":2,"minecraft:deepslate_bricks":49,"ironfurnaces:copper_furnace":2,"minecraft:spruce_planks":1,"minecraft:iron_chestplate":1,"minecraft:andesite":38,"minecraft:golden_leggings":1,"minecraft:oak_sapling":33,"minecraft:wooden_shovel":1,"minecraft:spider_eye":1,"minecraft:spruce_log":43,"minecraft:stone_pickaxe":1,"minecraft:raw_gold":55,"minecraft:magma_block":3,"minecraft:black_wool":4,"tombstone:tablet_of_cupidity":1,"epicfight:skillbook":3},"minecraft:killed_by":{"minecraft:zombie":1,"minecraft:player":2,"minecraft:skeleton":3},"minecraft:crafted":{"minecraft:oak_planks":328,"minecraft:cooked_chicken":4,"minecraft:stone":0,"minecraft:glass":27,"minecraft:stone_brick_slab":6,"minecraft:diamond_helmet":1,"minecraft:bow":1,"minecraft:diamond_leggings":1,"minecraft:chest":6,"minecraft:stone_bricks":20,"minecraft:item_frame":4,"minecraft:wooden_shovel":1,"minecraft:arrow":192,"minecraft:emerald":13,"minecraft:crafting_table":2,"minecraft:spruce_planks":16,"minecraft:iron_helmet":1,"minecraft:wooden_pickaxe":1,"minecraft:raw_gold_block":2,"minecraft:stone_brick_stairs":4,"minecraft:spruce_trapdoor":4,"minecraft:diamond_pickaxe":2,"minecraft:shield":1,"minecraft:stick":436,"minecraft:iron_ingot":37,"minecraft:iron_pickaxe":1,"minecraft:stone_sword":1,"minecraft:gold_ingot":0,"minecraft:deepslate_bricks":4,"minecraft:wooden_sword":1,"minecraft:furnace":2,"minecraft:bone_meal":63,"alexscaves:cave_map":1,"minecraft:flint_and_steel":1,"minecraft:iron_axe":3,"minecraft:spruce_slab":6,"minecraft:stone_pickaxe":3,"minecraft:diamond_boots":1,"minecraft:dark_oak_planks":4,"minecraft:cooked_beef":3,"minecraft:diamond_sword":1,"epicfight:diamond_longsword":1,"minecraft:stone_axe":2,"minecraft:bread":18,"minecraft:air":0,"justhammers:iron_hammer":2,"minecraft:golden_apple":4,"minecraft:raw_gold":18,"minecraft:wooden_axe":1,"minecraft:stonecutter":1,"minecraft:acacia_planks":12,"minecraft:torch":40,"minecraft:diamond_chestplate":1},"minecraft:picked_up":{"minecraft:iron_chestplate":1,"minecraft:wheat":54,"minecraft:smithing_table":1,"alexscaves:cave_tablet":10,"minecraft:enchanted_book":3,"minecraft:amethyst_block":129,"epicfight:iron_longsword":1,"paraglider:goddess_statue":1,"minecraft:string":18,"minecraft:raw_copper":42,"minecraft:iron_leggings":1,"minecraft:experience_bottle":6,"minecraft:cobbled_deepslate":713,"bosses_of_mass_destruction:soul_star":1,"minecraft:bucket":1,"minecraft:melon_slice":5,"minecraft:iron_boots":4,"minecraft:furnace":5,"minecraft:stick":104,"minecraft:torch":19,"minecraft:acacia_log":27,"minecraft:porkchop":1,"epicfight:skillbook":10,"minecraft:pointed_dripstone":8,"tombstone:grave_dust":8,"minecraft:diorite":27,"minecraft:stone_sword":1,"minecraft:rotten_flesh":45,"minecraft:cobblestone":369,"minecraft:nautilus_shell":1,"minecraft:birch_log":8,"minecraft:magma_block":8,"relics:roller_skates":1,"minecraft:feather":8,"minecraft:cooked_beef":9,"minecraft:andesite":39,"minecraft:black_bed":7,"minecraft:golden_leggings":1,"alexscaves:cave_book":1,"minecraft:flint":1,"minecraft:tuff":174,"minecraft:lantern":2,"minecraft:lapis_lazuli":65,"minecraft:dirt":10,"minecraft:bone":15,"minecraft:acacia_planks":6,"minecraft:wheat_seeds":183,"minecraft:raw_gold":77,"minecraft:oak_planks":3,"minecraft:cooked_porkchop":1,"minecraft:sand":38,"minecraft:stripped_spruce_log":2,"minecraft:dark_oak_log":536,"minecraft:bundle":1,"minecraft:diamond":35,"waystones:waystone":2,"minecraft:writable_book":1,"minecraft:granite":1,"minecraft:oak_sapling":94,"minecraft:charcoal":83,"minecraft:crafting_table":4,"minecraft:chicken":6,"alexscaves:cave_codex":1,"minecraft:item_frame":5,"minecraft:candle":8,"minecraft:beef":3,"minecraft:spruce_slab":3,"minecraft:sugar_cane":27,"minecraft:birch_sapling":1,"minecraft:egg":4,"minecraft:dark_oak_sapling":42,"minecraft:raw_iron":69,"minecraft:copper_ingot":1,"minecraft:redstone":44,"minecraft:prismarine_crystals":5,"minecraft:dark_oak_planks":2,"minecraft:stone_shovel":1,"minecraft:arrow":15,"minecraft:deepslate_bricks":68,"minecraft:hay_block":14,"alexscaves:spelunkery_table":3,"minecraft:gold_ingot":38,"paraglider:horned_statue":2,"minecraft:mutton":9,"minecraft:rail":12,"minecraft:white_wool":19,"minecraft:stripped_oak_log":4,"minecraft:leather":2,"minecraft:filled_map":3,"minecraft:oak_log":216,"minecraft:gunpowder":6,"minecraft:paper":21,"minecraft:cooked_mutton":7,"minecraft:apple":23,"minecraft:stone_bricks":14,"minecraft:iron_ingot":13,"minecraft:cooked_chicken":1,"minecraft:gray_bed":3,"minecraft:acacia_sapling":16,"minecraft:dark_oak_stairs":1,"minecraft:book":10,"wom:golden_chrono":1,"minecraft:scaffolding":1,"minecraft:pumpkin":2,"minecraft:stone_brick_slab":5,"minecraft:gravel":11,"minecraft:amethyst_shard":88,"minecraft:spruce_sapling":55,"minecraft:spruce_log":177,"minecraft:spider_eye":4,"epicfight:diamond_longsword":1,"travelersbackpack:standard":4,"minecraft:slime_ball":3,"minecraft:stone_axe":1,"ironfurnaces:copper_furnace":4,"minecraft:iron_helmet":1,"minecraft:black_wool":4,"minecraft:stripped_dark_oak_log":47,"minecraft:coal":105},"minecraft:mined":{"minecraft:large_amethyst_bud":5,"minecraft:granite":1,"minecraft:budding_amethyst":12,"minecraft:acacia_log":29,"minecraft:grass_block":29,"minecraft:deepslate_bricks":68,"minecraft:tall_seagrass":1,"minecraft:magma_block":5,"minecraft:iron_ore":63,"minecraft:cobbled_deepslate":6,"minecraft:fire":7,"minecraft:pumpkin":2,"minecraft:deepslate_lapis_ore":5,"minecraft:pointed_dripstone":1,"minecraft:dirt_path":3,"minecraft:small_amethyst_bud":1,"minecraft:deepslate_redstone_ore":4,"minecraft:smoker":1,"minecraft:medium_amethyst_bud":4,"minecraft:amethyst_cluster":24,"ironfurnaces:copper_furnace":4,"minecraft:torch":6,"minecraft:melon":1,"minecraft:cobblestone":42,"minecraft:sugar_cane":12,"minecraft:wall_torch":2,"minecraft:amethyst_block":86,"minecraft:birch_log":7,"minecraft:wheat":54,"minecraft:black_bed":6,"minecraft:grass":61,"minecraft:oak_log":202,"minecraft:dark_oak_sapling":3,"minecraft:sand":44,"minecraft:dirt":16,"minecraft:oak_leaves":29,"minecraft:deepslate":43,"alexscaves:spelunkery_table":3,"minecraft:tuff":7,"minecraft:dark_oak_leaves":2,"minecraft:candle":1,"minecraft:dark_oak_log":424,"minecraft:sea_lantern":2,"minecraft:spruce_leaves":21,"minecraft:hay_block":14,"minecraft:spruce_sapling":4,"minecraft:furnace":5,"minecraft:andesite":43,"minecraft:stripped_spruce_log":2,"minecraft:deepslate_iron_ore":3,"minecraft:vine":2,"minecraft:lantern":2,"minecraft:stripped_oak_log":4,"minecraft:stone":143,"minecraft:white_wool":15,"minecraft:smithing_table":1,"minecraft:stripped_dark_oak_log":47,"travelersbackpack:standard":1,"minecraft:crafting_table":4,"minecraft:tall_grass":7,"minecraft:copper_ore":12,"minecraft:lapis_ore":5,"minecraft:diorite":15,"minecraft:gray_bed":3,"minecraft:spruce_log":124,"minecraft:coal_ore":58,"minecraft:gravel":12,"minecraft:cobweb":9,"minecraft:acacia_planks":2,"minecraft:stone_bricks":14,"paraglider:goddess_statue":1},"minecraft:used":{"minecraft:spruce_slab":3,"minecraft:chest":6,"minecraft:shield":29,"minecraft:stone":17,"minecraft:rotten_flesh":4,"paraglider:goddess_statue":1,"minecraft:tuff":4,"minecraft:stripped_spruce_log":2,"minecraft:lantern":1,"minecraft:iron_helmet":1,"minecraft:stone_brick_stairs":2,"minecraft:stone_bricks":22,"minecraft:item_frame":6,"minecraft:magma_block":2,"minecraft:bow":6,"minecraft:furnace":7,"minecraft:gray_bed":3,"minecraft:egg":1,"minecraft:dark_oak_sapling":21,"minecraft:dark_oak_stairs":1,"epicfight:skillbook":16,"minecraft:diorite":1,"minecraft:stone_pickaxe":169,"minecraft:wooden_pickaxe":64,"epicfight:iron_longsword":151,"minecraft:glow_berries":7,"minecraft:sand":6,"alexscaves:cave_book":1,"minecraft:crossbow":2,"minecraft:black_bed":4,"waystones:waystone":2,"minecraft:dark_oak_log":297,"minecraft:bread":36,"minecraft:gravel":11,"minecraft:wooden_sword":8,"minecraft:andesite":1,"epicfight:diamond_longsword":155,"minecraft:bone_meal":63,"minecraft:experience_bottle":1,"ironfurnaces:copper_furnace":2,"minecraft:stone_sword":30,"minecraft:flint_and_steel":6,"minecraft:stone_shovel":1,"minecraft:wooden_shovel":13,"minecraft:cooked_chicken":5,"minecraft:torch":86,"minecraft:stone_brick_slab":1,"minecraft:dark_oak_planks":2,"minecraft:wooden_axe":45,"minecraft:iron_axe":784,"alexscaves:spelunkery_table":2,"tombstone:gift":9,"minecraft:cooked_beef":18,"minecraft:cobbled_deepslate":18,"minecraft:acacia_planks":2,"minecraft:wheat_seeds":54,"minecraft:cooked_mutton":7,"minecraft:water_bucket":1,"minecraft:amethyst_block":1,"minecraft:stonecutter":1,"minecraft:deepslate_bricks":200,"minecraft:stripped_dark_oak_log":21,"minecraft:crafting_table":5,"minecraft:spruce_log":46,"justhammers:iron_hammer":148,"minecraft:oak_log":29,"minecraft:diamond_pickaxe":244,"minecraft:apple":3,"minecraft:iron_pickaxe":228,"minecraft:spruce_trapdoor":4,"minecraft:spruce_sapling":34,"minecraft:stone_axe":227,"minecraft:cobblestone":73,"travelersbackpack:standard":19,"minecraft:cooked_porkchop":17,"minecraft:bucket":8,"minecraft:stripped_oak_log":2},"minecraft:custom":{"minecraft:interact_with_crafting_table":68,"minecraft:open_barrel":7,"minecraft:leave_game":4,"minecraft:time_since_death":154804,"minecraft:sprint_one_cm":2813926,"minecraft:damage_blocked_by_shield":2618,"minecraft:drop":218,"minecraft:talked_to_villager":4,"minecraft:play_time":574118,"minecraft:deaths":6,"minecraft:jump":9670,"minecraft:walk_on_water_one_cm":76446,"minecraft:interact_with_furnace":139,"minecraft:traded_with_villager":25,"minecraft:interact_with_loom":8,"minecraft:sleep_in_bed":22,"minecraft:waystone_activated":7,"minecraft:damage_dealt":18171,"minecraft:crouch_one_cm":43601,"tombstone:undead_killed":61,"minecraft:interact_with_smoker":4,"minecraft:interact_with_smithing_table":3,"minecraft:mob_kills":108,"minecraft:climb_one_cm":1830,"minecraft:walk_one_cm":3254961,"minecraft:sneak_time":8700,"minecraft:walk_under_water_one_cm":74484,"minecraft:boat_one_cm":51255,"minecraft:total_world_time":574118,"tombstone:raider_killed":11,"minecraft:interact_with_stonecutter":11,"minecraft:time_since_rest":3158,"minecraft:damage_taken":2493,"minecraft:damage_absorbed":5222,"minecraft:swim_one_cm":243769,"minecraft:fly_one_cm":3524184,"minecraft:open_chest":272,"minecraft:fall_one_cm":274477},"minecraft:broken":{"minecraft:stone_pickaxe":1,"minecraft:wooden_pickaxe":1,"minecraft:iron_axe":3}},"DataVersion":3465}