{"stats":{"minecraft:killed":{"minecraft:husk":7,"minecraft:salmon":1,"minecraft:spider":2,"minecraft:creeper":2,"minecraft:skeleton":4,"minecraft:zombie":1,"alexscaves:teletor":2,"alexscaves:notor":1},"minecraft:custom":{"minecraft:mob_kills":20,"minecraft:leave_game":3,"minecraft:time_since_death":9191,"minecraft:climb_one_cm":60,"minecraft:time_since_rest":8977,"minecraft:damage_absorbed":206,"minecraft:sprint_one_cm":406993,"minecraft:damage_taken":3986,"minecraft:walk_one_cm":619067,"minecraft:drop":75,"minecraft:damage_dealt":5360,"minecraft:damage_dealt_absorbed":654,"minecraft:swim_one_cm":6292,"minecraft:fly_one_cm":1390835,"minecraft:open_chest":5,"minecraft:crouch_one_cm":5350,"minecraft:play_time":158301,"tombstone:undead_killed":12,"minecraft:deaths":8,"minecraft:sneak_time":2373,"minecraft:walk_under_water_one_cm":4020,"minecraft:jump":770,"minecraft:walk_on_water_one_cm":10433,"minecraft:total_world_time":158301,"minecraft:fall_one_cm":11307},"minecraft:mined":{"minecraft:brown_mushroom":2,"minecraft:grass_block":2,"minecraft:dead_bush":2,"minecraft:ice":12,"minecraft:sand":11,"minecraft:dirt":1,"minecraft:packed_ice":3},"minecraft:dropped":{"minecraft:enchanted_book":1,"minecraft:pitcher_pod":1,"alexscaves:hazmat_mask":1,"relics:enders_hand":2,"advancednetherite:netherite_diamond_boots":1,"advancednetherite:netherite_diamond_helmet":1,"minecraft:golden_apple":1,"minecraft:stick":17,"minecraft:filled_map":1,"minecraft:dirt":1,"artifacts:running_shoes":1,"advancednetherite:netherite_diamond_chestplate":1,"advancednetherite:netherite_diamond_leggings":1,"minecraft:iron_leggings":1,"alexscaves:cave_map":1,"alexscaves:telecore":1,"minecraft:bow":1,"twilightforest:knightmetal_sword":1,"alexscaves:hazmat_leggings":1,"paraglider:paraglider":1,"minecraft:spruce_sapling":24,"epicfight:skillbook":14},"minecraft:picked_up":{"alexscaves:raw_scarlet_neodymium":13,"minecraft:iron_chestplate":1,"minecraft:brown_mushroom":2,"minecraft:filled_map":1,"minecraft:stone_brick_stairs":1,"alexscaves:hazmat_leggings":1,"minecraft:dirt":3,"minecraft:iron_leggings":2,"minecraft:iron_shovel":1,"minecraft:bone":6,"alexscaves:hazmat_mask":1,"minecraft:bow":1,"minecraft:cooked_chicken":9,"minecraft:azalea_leaves":1,"alexscaves:hazmat_chestplate":1,"minecraft:iron_boots":1,"minecraft:stick":21,"minecraft:sandstone":3,"epicfight:netherite_greatsword":1,"alexscaves:acid_bucket":1,"epicfight:skillbook":19,"minecraft:sand":15,"minecraft:spruce_sapling":24,"tombstone:grave_dust":1,"alexscaves:hazmat_boots":1,"twilightforest:knightmetal_sword":1,"alexscaves:telecore":2,"alexscaves:radon_bottle":1,"alexscaves:radgill_bucket":1,"minecraft:arrow":135,"minecraft:rotten_flesh":10,"minecraft:polished_basalt":4,"relics:arrow_quiver":1,"minecraft:iron_helmet":1,"minecraft:crossbow":1,"minecraft:golden_apple":96,"minecraft:warped_roots":1,"alexscaves:cave_map":2},"minecraft:used":{"epicfight:skillbook":18,"minecraft:flint_and_steel":2,"epicfight:netherite_greatsword":43,"twilightforest:knightmetal_sword":45,"advancednetherite:netherite_diamond_helmet":1,"minecraft:cooked_chicken":2,"minecraft:rotten_flesh":1,"minecraft:golden_apple":7,"minecraft:torch":8,"advancednetherite:netherite_diamond_boots":1,"minecraft:dirt":1,"minecraft:sand":6,"minecraft:crossbow":1,"advancednetherite:netherite_diamond_leggings":1,"minecraft:obsidian":3,"minecraft:map":1,"advancednetherite:netherite_diamond_chestplate":1,"tombstone:gift":4},"minecraft:killed_by":{"minecraft:husk":2,"minecraft:player":1,"minecraft:creeper":1,"minecraft:zombie":1,"bosses_of_mass_destruction:lich":1}},"DataVersion":3465}