{"stats":{"minecraft:killed":{"minecraft:husk":6,"minecraft:salmon":1,"minecraft:spider":2,"minecraft:creeper":2,"minecraft:skeleton":3,"minecraft:zombie":1,"alexscaves:teletor":2,"alexscaves:notor":1},"minecraft:custom":{"minecraft:mob_kills":18,"minecraft:leave_game":2,"minecraft:time_since_death":82601,"minecraft:climb_one_cm":60,"minecraft:time_since_rest":82240,"minecraft:damage_absorbed":49,"minecraft:sprint_one_cm":291356,"minecraft:damage_taken":2176,"minecraft:walk_one_cm":451469,"minecraft:drop":73,"minecraft:damage_dealt":4065,"minecraft:damage_dealt_absorbed":288,"minecraft:swim_one_cm":6292,"minecraft:fly_one_cm":989542,"minecraft:open_chest":3,"minecraft:crouch_one_cm":3481,"minecraft:play_time":126078,"tombstone:undead_killed":10,"minecraft:deaths":4,"minecraft:sneak_time":1590,"minecraft:walk_under_water_one_cm":4020,"minecraft:jump":564,"minecraft:walk_on_water_one_cm":7986,"minecraft:total_world_time":126078,"minecraft:fall_one_cm":6615},"minecraft:mined":{"minecraft:sand":5},"minecraft:dropped":{"minecraft:enchanted_book":1,"minecraft:pitcher_pod":1,"alexscaves:hazmat_mask":1,"relics:enders_hand":2,"advancednetherite:netherite_diamond_boots":1,"advancednetherite:netherite_diamond_helmet":1,"minecraft:stick":17,"minecraft:filled_map":1,"minecraft:dirt":1,"artifacts:running_shoes":1,"advancednetherite:netherite_diamond_chestplate":1,"advancednetherite:netherite_diamond_leggings":1,"minecraft:iron_leggings":1,"alexscaves:cave_map":1,"alexscaves:telecore":1,"twilightforest:knightmetal_sword":1,"alexscaves:hazmat_leggings":1,"paraglider:paraglider":1,"minecraft:spruce_sapling":24,"epicfight:skillbook":14},"minecraft:picked_up":{"alexscaves:raw_scarlet_neodymium":13,"minecraft:iron_chestplate":1,"minecraft:filled_map":1,"alexscaves:hazmat_leggings":1,"minecraft:iron_leggings":2,"minecraft:iron_shovel":1,"minecraft:bone":4,"alexscaves:hazmat_mask":1,"minecraft:cooked_chicken":9,"minecraft:azalea_leaves":1,"alexscaves:hazmat_chestplate":1,"minecraft:iron_boots":1,"minecraft:stick":17,"minecraft:sandstone":3,"epicfight:netherite_greatsword":1,"alexscaves:acid_bucket":1,"epicfight:skillbook":19,"minecraft:sand":9,"minecraft:spruce_sapling":24,"tombstone:grave_dust":1,"alexscaves:hazmat_boots":1,"twilightforest:knightmetal_sword":1,"alexscaves:telecore":2,"alexscaves:radon_bottle":1,"alexscaves:radgill_bucket":1,"minecraft:arrow":5,"minecraft:rotten_flesh":9,"relics:arrow_quiver":1,"minecraft:iron_helmet":1,"minecraft:golden_apple":32,"minecraft:warped_roots":1,"alexscaves:cave_map":2},"minecraft:used":{"epicfight:skillbook":17,"minecraft:flint_and_steel":2,"epicfight:netherite_greatsword":17,"twilightforest:knightmetal_sword":45,"advancednetherite:netherite_diamond_helmet":1,"minecraft:cooked_chicken":2,"minecraft:rotten_flesh":1,"minecraft:golden_apple":2,"minecraft:torch":8,"advancednetherite:netherite_diamond_boots":1,"minecraft:dirt":1,"minecraft:sand":3,"advancednetherite:netherite_diamond_leggings":1,"minecraft:obsidian":3,"minecraft:map":1,"advancednetherite:netherite_diamond_chestplate":1,"tombstone:gift":4},"minecraft:killed_by":{"minecraft:husk":1,"minecraft:creeper":1}},"DataVersion":3465}