{"stats":{"minecraft:picked_up":{"minecraft:crafting_table":2,"minecraft:feather":2,"minecraft:chicken":2,"minecraft:andesite":17,"minecraft:leather":2,"alexscaves:cave_tablet":8,"alexscaves:cave_book":1,"minecraft:tuff":109,"minecraft:oak_log":13,"minecraft:dirt":1,"minecraft:string":6,"minecraft:raw_copper":40,"minecraft:bone":2,"minecraft:apple":3,"minecraft:wheat_seeds":2,"minecraft:candle":4,"minecraft:cobbled_deepslate":468,"minecraft:raw_gold":22,"minecraft:iron_ingot":4,"minecraft:beef":3,"minecraft:sugar_cane":9,"minecraft:acacia_sapling":14,"minecraft:furnace":1,"minecraft:stick":12,"minecraft:raw_iron":6,"minecraft:pumpkin":2,"minecraft:acacia_log":27,"minecraft:diorite":2,"minecraft:redstone":23,"minecraft:stone_sword":1,"minecraft:arrow":1,"minecraft:diamond":6,"alexscaves:spelunkery_table":1,"minecraft:oak_sapling":9,"minecraft:mutton":4,"minecraft:coal":35,"minecraft:white_wool":3,"minecraft:cobblestone":83},"minecraft:mined":{"alexscaves:spelunkery_table":1,"minecraft:tuff":7,"minecraft:candle":1,"minecraft:crafting_table":2,"minecraft:acacia_log":29,"minecraft:grass_block":1,"minecraft:copper_ore":11,"minecraft:cobblestone":3,"minecraft:sugar_cane":3,"minecraft:diorite":1,"minecraft:furnace":1,"minecraft:iron_ore":1,"minecraft:andesite":19,"minecraft:pumpkin":1,"minecraft:grass":8,"minecraft:oak_log":13,"minecraft:coal_ore":34,"minecraft:deepslate_iron_ore":1,"minecraft:cobweb":8,"minecraft:stone":87,"minecraft:deepslate":26,"minecraft:oak_leaves":2},"minecraft:killed":{"minecraft:skeleton":1,"minecraft:sheep":3,"minecraft:chicken":2,"minecraft:cow":1},"minecraft:custom":{"minecraft:interact_with_furnace":19,"minecraft:mob_kills":7,"minecraft:interact_with_crafting_table":12,"minecraft:open_barrel":1,"minecraft:interact_with_loom":3,"minecraft:leave_game":1,"minecraft:time_since_death":302,"minecraft:time_since_rest":1,"minecraft:sprint_one_cm":211923,"minecraft:damage_taken":1189,"minecraft:walk_one_cm":366012,"minecraft:drop":10,"minecraft:damage_dealt":888,"minecraft:swim_one_cm":5394,"minecraft:fly_one_cm":176129,"minecraft:open_chest":5,"tombstone:undead_killed":1,"minecraft:crouch_one_cm":406,"minecraft:play_time":54086,"minecraft:deaths":4,"minecraft:sneak_time":122,"minecraft:walk_under_water_one_cm":730,"minecraft:jump":871,"minecraft:walk_on_water_one_cm":3704,"minecraft:total_world_time":54086,"minecraft:fall_one_cm":10597},"minecraft:used":{"minecraft:stone_sword":25,"minecraft:stone_pickaxe":134,"minecraft:chest":1,"minecraft:wooden_pickaxe":64,"minecraft:cooked_chicken":2,"minecraft:torch":24,"minecraft:crafting_table":3,"alexscaves:cave_book":1,"minecraft:tuff":4,"justhammers:iron_hammer":75,"minecraft:wooden_axe":45,"minecraft:apple":2,"minecraft:iron_helmet":1,"alexscaves:spelunkery_table":1,"minecraft:wooden_sword":8,"minecraft:cobblestone":4,"minecraft:furnace":2,"minecraft:cooked_beef":3,"minecraft:cobbled_deepslate":1},"minecraft:broken":{"minecraft:stone_pickaxe":1,"minecraft:wooden_pickaxe":1},"minecraft:dropped":{"minecraft:wheat_seeds":1,"minecraft:stone_sword":1,"minecraft:cobbled_deepslate":2,"alexscaves:cave_book":1,"minecraft:mutton":4,"minecraft:andesite":17},"minecraft:crafted":{"minecraft:cooked_beef":3,"minecraft:wooden_sword":1,"minecraft:oak_planks":32,"minecraft:crafting_table":1,"minecraft:iron_helmet":1,"minecraft:cooked_chicken":2,"minecraft:wooden_pickaxe":1,"minecraft:furnace":1,"minecraft:air":0,"justhammers:iron_hammer":1,"minecraft:stick":8,"minecraft:iron_ingot":4,"minecraft:stone_pickaxe":2,"minecraft:wooden_axe":1,"minecraft:stone_sword":1,"minecraft:chest":1,"minecraft:torch":24},"minecraft:killed_by":{"minecraft:player":2,"minecraft:skeleton":2}},"DataVersion":3465}