{"stats":{"minecraft:killed":{"minecraft:spider":1,"minecraft:husk":2,"minecraft:zombie":1},"minecraft:custom":{"minecraft:time_since_rest":11703,"minecraft:deaths":2,"minecraft:damage_taken":665,"minecraft:play_time":15833,"minecraft:sprint_one_cm":33798,"tombstone:undead_killed":3,"minecraft:walk_one_cm":45520,"minecraft:mob_kills":4,"minecraft:jump":96,"minecraft:damage_dealt":1338,"minecraft:time_since_death":12073,"minecraft:total_world_time":15833,"minecraft:damage_dealt_absorbed":28,"minecraft:fall_one_cm":3102,"minecraft:fly_one_cm":40701},"minecraft:mined":{"minecraft:sand":5},"minecraft:picked_up":{"minecraft:iron_shovel":1,"minecraft:rotten_flesh":5,"epicfight:skillbook":2,"minecraft:cooked_chicken":9,"minecraft:sand":5,"twilightforest:knightmetal_sword":1},"minecraft:used":{"minecraft:cooked_chicken":2,"epicfight:skillbook":2,"minecraft:sand":2,"tombstone:gift":2,"twilightforest:knightmetal_sword":13},"minecraft:killed_by":{"minecraft:husk":1,"minecraft:creeper":1}},"DataVersion":3465}