{"stats":{"minecraft:killed":{"minecraft:husk":1,"minecraft:zombie":1},"minecraft:custom":{"minecraft:time_since_rest":13308,"minecraft:damage_taken":4099,"minecraft:sprint_one_cm":13014,"minecraft:walk_one_cm":269726,"minecraft:mob_kills":2,"minecraft:drop":5,"minecraft:damage_dealt":174,"minecraft:fly_one_cm":166868,"minecraft:crouch_one_cm":1286,"minecraft:play_time":45930,"tombstone:undead_killed":2,"minecraft:deaths":3,"minecraft:sneak_time":385,"minecraft:walk_under_water_one_cm":1806,"minecraft:jump":139,"minecraft:time_since_death":15379,"minecraft:walk_on_water_one_cm":1496,"minecraft:total_world_time":45930,"minecraft:fall_one_cm":2112},"minecraft:mined":{"minecraft:dead_bush":1},"minecraft:dropped":{"minecraft:filled_map":1,"minecraft:enchanted_book":1,"alexscaves:cave_map":1,"minecraft:arrow":1,"alexscaves:charred_remnant":1},"minecraft:picked_up":{"minecraft:stick":1,"minecraft:sandstone":8,"travelersbackpack:bat":1,"epicfight:skillbook":3,"minecraft:enchanted_book":1,"minecraft:sand":4,"alexscaves:charred_remnant":1,"minecraft:map":1,"minecraft:arrow":64,"minecraft:cactus":1,"minecraft:rotten_flesh":2,"minecraft:bow":1,"relics:arrow_quiver":7,"alexscaves:cave_map":2},"minecraft:used":{"epicfight:skillbook":3,"minecraft:netherite_chestplate":1,"minecraft:map":1,"minecraft:cactus":2,"minecraft:sandstone":3,"minecraft:netherite_boots":1,"minecraft:sand":4,"minecraft:bow":19,"minecraft:netherite_leggings":1,"minecraft:netherite_helmet":1,"tombstone:gift":2},"minecraft:killed_by":{"minecraft:player":1}},"DataVersion":3465}