{"stats":{"minecraft:killed_by":{"minecraft:enderman":1},"minecraft:picked_up":{"minecraft:egg":1},"minecraft:used":{"minecraft:egg":1},"minecraft:custom":{"minecraft:jump":164,"minecraft:time_since_rest":374,"minecraft:damage_taken":315,"minecraft:crouch_one_cm":1282,"minecraft:leave_game":2,"minecraft:play_time":18636,"minecraft:sprint_one_cm":29797,"minecraft:time_since_death":2773,"minecraft:walk_one_cm":37176,"minecraft:deaths":1,"minecraft:sneak_time":142,"minecraft:total_world_time":18636,"minecraft:fly_one_cm":51587,"minecraft:fall_one_cm":1225}},"DataVersion":3465}