{"stats":{"minecraft:picked_up":{"minecraft:charcoal":148,"minecraft:crafting_table":4,"minecraft:iron_chestplate":1,"minecraft:black_bed":1,"minecraft:leather":1,"minecraft:flint":7,"minecraft:tuff":176,"minecraft:oak_log":42,"minecraft:dirt":12,"minecraft:string":17,"minecraft:white_banner":1,"minecraft:iron_leggings":1,"minecraft:bone":2,"minecraft:apple":1,"epicfight:iron_greatsword":1,"minecraft:cobbled_deepslate":870,"minecraft:raw_gold":55,"minecraft:iron_ingot":11,"minecraft:beef":3,"minecraft:stone_pickaxe":1,"minecraft:gray_bed":3,"minecraft:iron_boots":1,"minecraft:raw_iron":12,"minecraft:stick":18,"minecraft:gravel":27,"epicfight:skillbook":1,"tombstone:grave_dust":2,"minecraft:arrow":19,"minecraft:rotten_flesh":5,"minecraft:diamond":90,"ironfurnaces:copper_furnace":3,"minecraft:crossbow":1,"tombstone:magic_scroll":1,"minecraft:oak_sapling":21,"minecraft:mutton":2,"minecraft:white_wool":1,"minecraft:cobblestone":9},"minecraft:mined":{"minecraft:tuff":17,"minecraft:deepslate_diamond_ore":22,"minecraft:crafting_table":3,"ironfurnaces:copper_furnace":3,"minecraft:grass_block":2,"minecraft:tall_grass":2,"minecraft:deepslate_gold_ore":1,"minecraft:iron_ore":6,"minecraft:gray_bed":2,"minecraft:grass":5,"minecraft:oak_log":44,"minecraft:gravel":43,"minecraft:dirt":4,"minecraft:cobweb":17,"minecraft:stone":9,"minecraft:deepslate":164},"minecraft:killed":{"minecraft:sheep":1,"minecraft:skeleton":1,"minecraft:zombie":3,"minecraft:cow":1},"minecraft:custom":{"minecraft:interact_with_furnace":16,"minecraft:mob_kills":6,"minecraft:interact_with_crafting_table":12,"minecraft:leave_game":1,"minecraft:time_since_death":55143,"minecraft:sleep_in_bed":4,"minecraft:time_since_rest":4626,"minecraft:sprint_one_cm":128057,"minecraft:damage_taken":415,"minecraft:walk_one_cm":221208,"minecraft:drop":22,"minecraft:damage_dealt":1211,"minecraft:swim_one_cm":1615,"minecraft:fly_one_cm":96940,"minecraft:crouch_one_cm":701,"minecraft:play_time":55143,"tombstone:undead_killed":4,"minecraft:sneak_time":379,"minecraft:walk_under_water_one_cm":876,"minecraft:jump":544,"minecraft:walk_on_water_one_cm":1005,"minecraft:total_world_time":55143,"minecraft:fall_one_cm":8506},"minecraft:used":{"ironfurnaces:copper_furnace":2,"minecraft:stone_pickaxe":46,"minecraft:iron_sword":29,"minecraft:cooked_chicken":2,"minecraft:torch":27,"justhammers:diamond_hammer":369,"minecraft:crafting_table":8,"minecraft:crossbow":2,"minecraft:black_bed":1,"minecraft:tuff":8,"minecraft:apple":1,"minecraft:diamond_shovel":9,"epicfight:iron_greatsword":14,"minecraft:iron_axe":44,"minecraft:iron_pickaxe":205,"minecraft:cobblestone":6,"minecraft:gray_bed":3,"minecraft:cooked_beef":5,"minecraft:cobbled_deepslate":3},"minecraft:dropped":{"minecraft:gravel":26,"minecraft:cobbled_deepslate":549,"minecraft:tuff":104,"minecraft:dirt":6,"minecraft:oak_sapling":21,"minecraft:white_banner":1,"minecraft:wooden_pickaxe":1,"minecraft:stone_pickaxe":2,"minecraft:iron_pickaxe":1,"minecraft:white_wool":1},"minecraft:crafted":{"minecraft:cooked_beef":6,"minecraft:oak_planks":168,"minecraft:crafting_table":4,"minecraft:iron_helmet":1,"minecraft:wooden_pickaxe":1,"minecraft:cooked_chicken":0,"minecraft:iron_sword":1,"minecraft:diamond_shovel":1,"minecraft:air":0,"minecraft:white_wool":4,"minecraft:shield":1,"minecraft:iron_axe":1,"minecraft:stick":20,"minecraft:iron_ingot":0,"justhammers:diamond_hammer":1,"minecraft:iron_pickaxe":1,"minecraft:stone_pickaxe":1,"minecraft:torch":76}},"DataVersion":3465}