{"stats":{"minecraft:picked_up":{"minecraft:iron_chestplate":1,"minecraft:charcoal":148,"minecraft:crafting_table":4,"minecraft:wheat":91,"minecraft:string":17,"relics:leather_belt":1,"minecraft:iron_leggings":1,"minecraft:cobbled_deepslate":870,"minecraft:beef":3,"minecraft:iron_boots":1,"minecraft:egg":2,"minecraft:stick":25,"minecraft:raw_iron":20,"minecraft:torch":4,"minecraft:acacia_log":15,"epicfight:skillbook":1,"tombstone:grave_dust":2,"minecraft:arrow":46,"minecraft:rotten_flesh":5,"relics:arrow_quiver":3,"minecraft:hay_block":14,"paraglider:horned_statue":2,"minecraft:mutton":6,"minecraft:cobblestone":51,"minecraft:white_wool":28,"minecraft:feather":6,"minecraft:black_bed":1,"minecraft:leather":1,"minecraft:flint":7,"minecraft:tuff":176,"minecraft:oak_log":42,"minecraft:dirt":33,"minecraft:white_banner":1,"minecraft:bone":3,"minecraft:acacia_planks":2,"minecraft:apple":1,"epicfight:iron_greatsword":1,"minecraft:wheat_seeds":64,"minecraft:raw_gold":55,"minecraft:iron_ingot":48,"minecraft:stone_pickaxe":1,"minecraft:gray_bed":3,"minecraft:acacia_sapling":7,"minecraft:gravel":27,"minecraft:sand":55,"minecraft:grass_block":1,"travelersbackpack:standard":2,"minecraft:diamond":90,"ironfurnaces:copper_furnace":3,"minecraft:crossbow":1,"minecraft:golden_apple":1,"tombstone:magic_scroll":1,"minecraft:oak_sapling":21,"minecraft:coal":19},"minecraft:mined":{"minecraft:tuff":17,"minecraft:deepslate_diamond_ore":22,"minecraft:granite":1,"minecraft:acacia_log":15,"minecraft:grass_block":6,"minecraft:hay_block":14,"minecraft:iron_ore":6,"minecraft:fire":1,"minecraft:stone":9,"minecraft:scaffolding":1,"ironfurnaces:copper_furnace":3,"minecraft:crafting_table":3,"minecraft:torch":1,"minecraft:tall_grass":2,"minecraft:deepslate_gold_ore":1,"minecraft:wall_torch":2,"minecraft:wheat":93,"minecraft:gray_bed":2,"minecraft:grass":15,"minecraft:oak_log":44,"minecraft:dirt":13,"minecraft:gravel":44,"minecraft:sand":55,"minecraft:cobweb":17,"minecraft:acacia_planks":2,"minecraft:deepslate":164},"minecraft:killed":{"minecraft:skeleton":2,"minecraft:sheep":4,"minecraft:zombie":3,"minecraft:enderman":1,"minecraft:cow":1},"minecraft:custom":{"minecraft:interact_with_smithing_table":1,"minecraft:mob_kills":11,"minecraft:interact_with_crafting_table":36,"minecraft:leave_game":1,"minecraft:time_since_death":115143,"minecraft:sprint_one_cm":266219,"minecraft:walk_one_cm":349435,"minecraft:drop":46,"minecraft:talked_to_villager":1,"minecraft:play_time":115143,"minecraft:sneak_time":1158,"minecraft:walk_under_water_one_cm":1123,"minecraft:jump":1249,"minecraft:walk_on_water_one_cm":7168,"minecraft:total_world_time":115143,"minecraft:interact_with_furnace":24,"minecraft:sleep_in_bed":4,"minecraft:time_since_rest":64626,"minecraft:waystone_activated":1,"minecraft:damage_taken":673,"minecraft:damage_dealt":2051,"minecraft:swim_one_cm":3641,"minecraft:fly_one_cm":371719,"minecraft:open_chest":7,"minecraft:crouch_one_cm":6099,"tombstone:undead_killed":5,"minecraft:fall_one_cm":21457},"minecraft:used":{"ironfurnaces:copper_furnace":3,"minecraft:diamond_hoe":119,"minecraft:iron_sword":36,"minecraft:cooked_chicken":2,"minecraft:torch":35,"minecraft:tuff":8,"epicfight:iron_greatsword":17,"minecraft:iron_axe":61,"epicfight:diamond_greatsword":1,"minecraft:gray_bed":3,"minecraft:cooked_beef":8,"minecraft:cobbled_deepslate":21,"minecraft:acacia_planks":2,"minecraft:stone_pickaxe":46,"minecraft:oak_planks":19,"ninjacraft:ninja_kimono_helmet":1,"minecraft:sand":11,"minecraft:crafting_table":11,"justhammers:diamond_hammer":444,"minecraft:crossbow":3,"minecraft:black_bed":1,"minecraft:apple":1,"minecraft:diamond_shovel":71,"minecraft:bread":5,"minecraft:iron_pickaxe":205,"minecraft:cobblestone":41,"travelersbackpack:standard":4},"minecraft:crafted":{"epicfight:diamond_greatsword":1,"minecraft:oak_planks":168,"minecraft:diamond_hoe":1,"ninjacraft:ninja_kimono_boots":1,"minecraft:cooked_chicken":0,"minecraft:diamond_shovel":1,"ninjacraft:ninja_kimono_chestplate":1,"minecraft:diamond_helmet":1,"minecraft:diamond_leggings":1,"minecraft:iron_axe":1,"minecraft:stone_pickaxe":1,"justhammers:diamond_hammer":2,"minecraft:diamond_boots":1,"minecraft:wheat":126,"minecraft:cooked_beef":6,"ninjacraft:black_cloth":18,"minecraft:crafting_table":7,"minecraft:wooden_pickaxe":1,"minecraft:iron_helmet":1,"minecraft:iron_sword":1,"minecraft:air":0,"minecraft:bread":72,"ninjacraft:ninja_kimono_leggings":1,"minecraft:white_wool":4,"minecraft:shield":1,"minecraft:stick":20,"minecraft:iron_ingot":0,"minecraft:iron_pickaxe":1,"minecraft:torch":76,"ninjacraft:ninja_kimono_helmet":1,"minecraft:diamond_chestplate":1},"minecraft:dropped":{"minecraft:iron_ingot":6,"justhammers:diamond_hammer":1,"minecraft:diamond":43,"minecraft:iron_helmet":1,"minecraft:cobblestone":1,"travelersbackpack:standard":1,"minecraft:dirt":17,"minecraft:iron_leggings":1,"minecraft:white_banner":1,"minecraft:sand":44,"minecraft:iron_pickaxe":1,"minecraft:string":1,"minecraft:white_wool":1,"minecraft:gravel":27,"minecraft:cobbled_deepslate":805,"minecraft:tuff":168,"paraglider:horned_statue":2,"minecraft:iron_boots":1,"minecraft:iron_chestplate":1,"minecraft:oak_sapling":21,"relics:arrow_quiver":2,"minecraft:stone_pickaxe":2,"minecraft:wooden_pickaxe":1,"minecraft:raw_gold":55}},"DataVersion":3465}