{"stats":{"minecraft:picked_up":{"minecraft:charcoal":148,"minecraft:crafting_table":4,"minecraft:iron_chestplate":1,"minecraft:wheat":91,"minecraft:feather":6,"minecraft:black_bed":1,"minecraft:leather":1,"minecraft:flint":7,"minecraft:tuff":176,"minecraft:oak_log":42,"minecraft:dirt":23,"minecraft:string":17,"relics:leather_belt":1,"minecraft:white_banner":1,"minecraft:iron_leggings":1,"minecraft:bone":3,"minecraft:apple":1,"epicfight:iron_greatsword":1,"minecraft:wheat_seeds":64,"minecraft:cobbled_deepslate":870,"minecraft:raw_gold":55,"minecraft:iron_ingot":48,"minecraft:beef":3,"minecraft:stone_pickaxe":1,"minecraft:gray_bed":3,"minecraft:iron_boots":1,"minecraft:egg":2,"minecraft:raw_iron":20,"minecraft:stick":18,"minecraft:sand":55,"minecraft:torch":3,"minecraft:gravel":27,"epicfight:skillbook":1,"tombstone:grave_dust":2,"travelersbackpack:standard":1,"minecraft:arrow":44,"minecraft:rotten_flesh":5,"minecraft:diamond":90,"ironfurnaces:copper_furnace":3,"minecraft:hay_block":14,"relics:arrow_quiver":3,"minecraft:crossbow":1,"paraglider:horned_statue":2,"tombstone:magic_scroll":1,"minecraft:oak_sapling":21,"minecraft:coal":15,"minecraft:mutton":6,"minecraft:white_wool":28,"minecraft:cobblestone":46},"minecraft:mined":{"minecraft:tuff":17,"minecraft:scaffolding":1,"minecraft:deepslate_diamond_ore":22,"minecraft:crafting_table":3,"ironfurnaces:copper_furnace":3,"minecraft:granite":1,"minecraft:grass_block":5,"minecraft:tall_grass":2,"minecraft:deepslate_gold_ore":1,"minecraft:wall_torch":2,"minecraft:hay_block":14,"minecraft:iron_ore":6,"minecraft:fire":1,"minecraft:wheat":93,"minecraft:gray_bed":2,"minecraft:grass":14,"minecraft:oak_log":44,"minecraft:sand":55,"minecraft:gravel":44,"minecraft:dirt":12,"minecraft:cobweb":17,"minecraft:stone":9,"minecraft:deepslate":164},"minecraft:killed":{"minecraft:sheep":4,"minecraft:skeleton":2,"minecraft:zombie":3,"minecraft:cow":1},"minecraft:custom":{"minecraft:interact_with_furnace":19,"minecraft:mob_kills":10,"minecraft:interact_with_crafting_table":30,"minecraft:leave_game":1,"minecraft:time_since_death":79143,"minecraft:sleep_in_bed":4,"minecraft:time_since_rest":28626,"minecraft:waystone_activated":1,"minecraft:sprint_one_cm":235496,"minecraft:damage_taken":663,"minecraft:walk_one_cm":312996,"minecraft:drop":42,"minecraft:damage_dealt":1931,"minecraft:talked_to_villager":1,"minecraft:swim_one_cm":3641,"minecraft:fly_one_cm":310970,"minecraft:open_chest":3,"minecraft:crouch_one_cm":4867,"minecraft:play_time":79143,"tombstone:undead_killed":5,"minecraft:sneak_time":1020,"minecraft:walk_under_water_one_cm":1123,"minecraft:jump":1122,"minecraft:walk_on_water_one_cm":7168,"minecraft:total_world_time":79143,"minecraft:fall_one_cm":19868},"minecraft:used":{"ironfurnaces:copper_furnace":3,"minecraft:stone_pickaxe":46,"minecraft:oak_planks":19,"minecraft:diamond_hoe":119,"minecraft:iron_sword":36,"minecraft:cooked_chicken":2,"minecraft:torch":34,"minecraft:sand":11,"justhammers:diamond_hammer":439,"minecraft:crafting_table":10,"minecraft:crossbow":3,"minecraft:black_bed":1,"minecraft:tuff":8,"minecraft:apple":1,"minecraft:diamond_shovel":69,"minecraft:bread":3,"epicfight:iron_greatsword":16,"minecraft:iron_axe":44,"minecraft:iron_pickaxe":205,"minecraft:cobblestone":41,"travelersbackpack:standard":3,"minecraft:gray_bed":3,"minecraft:cooked_beef":8,"minecraft:cobbled_deepslate":21},"minecraft:crafted":{"minecraft:cooked_beef":6,"minecraft:oak_planks":168,"ninjacraft:black_cloth":14,"minecraft:crafting_table":6,"ninjacraft:ninja_kimono_boots":1,"minecraft:diamond_hoe":1,"minecraft:iron_helmet":1,"minecraft:wooden_pickaxe":1,"minecraft:cooked_chicken":0,"minecraft:iron_sword":1,"minecraft:diamond_shovel":1,"ninjacraft:ninja_kimono_leggings":1,"minecraft:bread":72,"minecraft:air":0,"ninjacraft:ninja_kimono_chestplate":1,"minecraft:diamond_leggings":1,"minecraft:diamond_helmet":1,"minecraft:white_wool":4,"minecraft:shield":1,"minecraft:iron_axe":1,"minecraft:stick":20,"minecraft:iron_ingot":0,"justhammers:diamond_hammer":2,"minecraft:iron_pickaxe":1,"minecraft:stone_pickaxe":1,"minecraft:diamond_boots":1,"minecraft:torch":76,"minecraft:wheat":126,"minecraft:diamond_chestplate":1},"minecraft:dropped":{"minecraft:iron_ingot":1,"minecraft:gravel":27,"justhammers:diamond_hammer":1,"minecraft:cobbled_deepslate":805,"minecraft:diamond":43,"minecraft:tuff":168,"paraglider:horned_statue":2,"minecraft:iron_helmet":1,"minecraft:cobblestone":1,"minecraft:iron_boots":1,"minecraft:dirt":17,"minecraft:iron_chestplate":1,"minecraft:oak_sapling":21,"minecraft:iron_leggings":1,"minecraft:white_banner":1,"relics:arrow_quiver":2,"minecraft:wooden_pickaxe":1,"minecraft:stone_pickaxe":2,"minecraft:iron_pickaxe":1,"minecraft:string":1,"minecraft:white_wool":1}},"DataVersion":3465}