{"stats":{"minecraft:picked_up":{"minecraft:charcoal":148,"minecraft:crafting_table":4,"minecraft:iron_chestplate":1,"minecraft:wheat":91,"minecraft:feather":6,"minecraft:black_bed":1,"minecraft:leather":1,"minecraft:flint":7,"minecraft:tuff":176,"minecraft:oak_log":42,"minecraft:dirt":23,"minecraft:string":17,"relics:leather_belt":1,"minecraft:white_banner":1,"minecraft:iron_leggings":1,"minecraft:bone":2,"minecraft:apple":1,"epicfight:iron_greatsword":1,"minecraft:wheat_seeds":63,"minecraft:cobbled_deepslate":870,"minecraft:raw_gold":55,"minecraft:iron_ingot":11,"minecraft:beef":3,"minecraft:stone_pickaxe":1,"minecraft:gray_bed":3,"minecraft:iron_boots":1,"minecraft:raw_iron":20,"minecraft:stick":18,"minecraft:torch":2,"minecraft:gravel":27,"epicfight:skillbook":1,"tombstone:grave_dust":2,"minecraft:arrow":43,"minecraft:rotten_flesh":5,"minecraft:diamond":90,"ironfurnaces:copper_furnace":3,"minecraft:hay_block":14,"relics:arrow_quiver":3,"minecraft:crossbow":1,"paraglider:horned_statue":2,"tombstone:magic_scroll":1,"minecraft:oak_sapling":21,"minecraft:coal":15,"minecraft:mutton":2,"minecraft:white_wool":1,"minecraft:cobblestone":46},"minecraft:mined":{"minecraft:tuff":17,"minecraft:scaffolding":1,"minecraft:deepslate_diamond_ore":22,"minecraft:crafting_table":3,"ironfurnaces:copper_furnace":3,"minecraft:granite":1,"minecraft:grass_block":5,"minecraft:tall_grass":2,"minecraft:deepslate_gold_ore":1,"minecraft:wall_torch":2,"minecraft:hay_block":14,"minecraft:iron_ore":6,"minecraft:wheat":93,"minecraft:gray_bed":2,"minecraft:grass":14,"minecraft:oak_log":44,"minecraft:gravel":44,"minecraft:dirt":12,"minecraft:cobweb":17,"minecraft:stone":9,"minecraft:deepslate":164},"minecraft:killed":{"minecraft:sheep":1,"minecraft:skeleton":1,"minecraft:zombie":3,"minecraft:cow":1},"minecraft:custom":{"minecraft:interact_with_furnace":16,"minecraft:mob_kills":6,"minecraft:interact_with_crafting_table":17,"minecraft:leave_game":1,"minecraft:time_since_death":67143,"minecraft:sleep_in_bed":4,"minecraft:time_since_rest":16626,"minecraft:waystone_activated":1,"minecraft:sprint_one_cm":183250,"minecraft:damage_taken":568,"minecraft:walk_one_cm":279837,"minecraft:drop":39,"minecraft:damage_dealt":1211,"minecraft:swim_one_cm":3641,"minecraft:fly_one_cm":179602,"minecraft:open_chest":3,"minecraft:crouch_one_cm":3171,"minecraft:play_time":67143,"tombstone:undead_killed":4,"minecraft:sneak_time":782,"minecraft:walk_under_water_one_cm":1123,"minecraft:jump":858,"minecraft:walk_on_water_one_cm":1966,"minecraft:total_world_time":67143,"minecraft:fall_one_cm":14285},"minecraft:used":{"ironfurnaces:copper_furnace":2,"minecraft:stone_pickaxe":46,"minecraft:diamond_hoe":119,"minecraft:iron_sword":29,"minecraft:cooked_chicken":2,"minecraft:torch":31,"justhammers:diamond_hammer":439,"minecraft:crafting_table":10,"minecraft:crossbow":3,"minecraft:black_bed":1,"minecraft:tuff":8,"minecraft:apple":1,"minecraft:diamond_shovel":14,"epicfight:iron_greatsword":14,"minecraft:iron_axe":44,"minecraft:iron_pickaxe":205,"minecraft:cobblestone":41,"minecraft:gray_bed":3,"minecraft:cooked_beef":8,"minecraft:cobbled_deepslate":21},"minecraft:dropped":{"minecraft:gravel":27,"justhammers:diamond_hammer":1,"minecraft:cobbled_deepslate":805,"minecraft:diamond":29,"minecraft:tuff":168,"paraglider:horned_statue":2,"minecraft:iron_helmet":1,"minecraft:cobblestone":1,"minecraft:iron_boots":1,"minecraft:dirt":17,"minecraft:iron_chestplate":1,"minecraft:oak_sapling":21,"minecraft:iron_leggings":1,"minecraft:white_banner":1,"relics:arrow_quiver":2,"minecraft:wooden_pickaxe":1,"minecraft:stone_pickaxe":2,"minecraft:iron_pickaxe":1,"minecraft:white_wool":1},"minecraft:crafted":{"minecraft:cooked_beef":6,"minecraft:oak_planks":168,"minecraft:crafting_table":6,"minecraft:diamond_hoe":1,"minecraft:iron_helmet":1,"minecraft:wooden_pickaxe":1,"minecraft:cooked_chicken":0,"minecraft:iron_sword":1,"minecraft:diamond_shovel":1,"minecraft:bread":72,"minecraft:air":0,"minecraft:diamond_leggings":1,"minecraft:diamond_helmet":1,"minecraft:white_wool":4,"minecraft:shield":1,"minecraft:iron_axe":1,"minecraft:stick":20,"minecraft:iron_ingot":0,"justhammers:diamond_hammer":2,"minecraft:iron_pickaxe":1,"minecraft:stone_pickaxe":1,"minecraft:diamond_boots":1,"minecraft:torch":76,"minecraft:wheat":126,"minecraft:diamond_chestplate":1}},"DataVersion":3465}