{"stats":{"minecraft:picked_up":{"minecraft:iron_chestplate":1,"minecraft:raw_iron":5,"minecraft:charcoal":106,"minecraft:stick":18,"minecraft:crafting_table":3,"minecraft:black_bed":1,"minecraft:leather":1,"minecraft:oak_log":42,"minecraft:dirt":6,"minecraft:string":9,"minecraft:white_banner":1,"minecraft:iron_leggings":1,"minecraft:arrow":19,"minecraft:apple":1,"epicfight:iron_greatsword":1,"ironfurnaces:copper_furnace":2,"minecraft:crossbow":1,"minecraft:iron_ingot":11,"minecraft:beef":3,"minecraft:stone_pickaxe":1,"minecraft:oak_sapling":21,"minecraft:gray_bed":2,"minecraft:mutton":2,"minecraft:white_wool":1,"minecraft:iron_boots":1,"minecraft:cobblestone":1},"minecraft:mined":{"minecraft:iron_ore":5,"minecraft:gray_bed":1,"ironfurnaces:copper_furnace":2,"minecraft:crafting_table":2,"minecraft:grass":5,"minecraft:grass_block":2,"minecraft:oak_log":44,"minecraft:dirt":4,"minecraft:cobweb":9,"minecraft:tall_grass":2,"minecraft:stone":1},"minecraft:killed":{"minecraft:sheep":1,"minecraft:cow":1},"minecraft:custom":{"minecraft:time_since_rest":2665,"minecraft:interact_with_furnace":13,"minecraft:sprint_one_cm":102848,"minecraft:damage_taken":169,"minecraft:walk_one_cm":83330,"minecraft:mob_kills":2,"minecraft:drop":1,"minecraft:damage_dealt":420,"minecraft:swim_one_cm":1615,"minecraft:interact_with_crafting_table":6,"minecraft:fly_one_cm":83873,"minecraft:crouch_one_cm":446,"minecraft:play_time":25704,"minecraft:sneak_time":226,"minecraft:walk_under_water_one_cm":876,"minecraft:jump":333,"minecraft:walk_on_water_one_cm":285,"minecraft:time_since_death":25704,"minecraft:sleep_in_bed":2,"minecraft:total_world_time":25704,"minecraft:fall_one_cm":6735},"minecraft:used":{"ironfurnaces:copper_furnace":1,"minecraft:apple":1,"epicfight:iron_greatsword":1,"minecraft:iron_axe":43,"minecraft:stone_pickaxe":8,"minecraft:iron_sword":21,"minecraft:cooked_chicken":2,"minecraft:torch":3,"minecraft:crafting_table":3,"minecraft:gray_bed":1,"minecraft:crossbow":2,"minecraft:cooked_beef":2,"minecraft:black_bed":1},"minecraft:dropped":{"minecraft:wooden_pickaxe":1},"minecraft:crafted":{"minecraft:cooked_beef":6,"minecraft:oak_planks":168,"minecraft:iron_axe":1,"minecraft:crafting_table":1,"minecraft:iron_ingot":0,"minecraft:stick":20,"minecraft:iron_helmet":1,"minecraft:wooden_pickaxe":1,"minecraft:cooked_chicken":0,"minecraft:iron_sword":1,"minecraft:torch":76,"minecraft:air":0}},"DataVersion":3465}