{"stats":{"minecraft:killed":{"minecraft:husk":5,"minecraft:enderman":1},"minecraft:custom":{"minecraft:time_since_rest":59328,"minecraft:crouch_one_cm":77,"minecraft:sprint_one_cm":129599,"minecraft:play_time":59328,"tombstone:undead_killed":5,"minecraft:walk_one_cm":109182,"minecraft:sneak_time":8,"minecraft:mob_kills":6,"minecraft:drop":71,"minecraft:jump":621,"minecraft:damage_dealt":856,"minecraft:leave_game":1,"minecraft:walk_on_water_one_cm":1018,"minecraft:time_since_death":59328,"minecraft:climb_one_cm":540,"minecraft:total_world_time":59328,"minecraft:damage_dealt_absorbed":28,"minecraft:fly_one_cm":357628},"minecraft:dropped":{"twilightforest:knightmetal_sword":1,"minecraft:cooked_chicken":69,"epicfight:skillbook":1},"minecraft:picked_up":{"minecraft:bundle":1,"minecraft:rotten_flesh":2,"epicfight:skillbook":2,"minecraft:cooked_chicken":5,"minecraft:sand":1,"minecraft:ender_pearl":1},"minecraft:used":{"epicfight:skillbook":2,"twilightforest:knightmetal_sword":5}},"DataVersion":3465}