{"stats":{"minecraft:killed":{"minecraft:husk":13,"minecraft:rabbit":1,"minecraft:spider":5,"minecraft:creeper":2,"minecraft:skeleton":4,"minecraft:zombie":1,"minecraft:enderman":2},"minecraft:custom":{"minecraft:mob_kills":75,"minecraft:inspect_hopper":1,"minecraft:play_record":1,"minecraft:interact_with_cartography_table":2,"minecraft:open_barrel":2,"minecraft:interact_with_loom":3,"minecraft:leave_game":1,"minecraft:time_since_death":82873,"minecraft:climb_one_cm":540,"minecraft:time_since_rest":82490,"minecraft:sprint_one_cm":250273,"minecraft:damage_taken":40,"minecraft:walk_one_cm":812240,"minecraft:drop":376,"minecraft:damage_dealt":3696,"minecraft:damage_dealt_absorbed":114,"minecraft:fly_one_cm":1286852,"minecraft:player_kills":1,"minecraft:open_chest":3,"minecraft:crouch_one_cm":1104,"minecraft:walk_under_water_one_cm":13384,"minecraft:play_time":167328,"tombstone:undead_killed":18,"minecraft:deaths":1,"minecraft:sneak_time":737,"minecraft:jump":1229,"minecraft:walk_on_water_one_cm":12399,"minecraft:total_world_time":167328,"minecraft:fall_one_cm":659},"minecraft:dropped":{"minecraft:enchanted_book":1,"minecraft:cooked_chicken":69,"minecraft:raw_iron":1,"minecraft:iron_helmet":2,"minecraft:cobblestone":8,"minecraft:rotten_flesh":1,"alexscaves:hazmat_mask":1,"minecraft:iron_boots":2,"travelersbackpack:bat":1,"alexscaves:radon_bottle":1,"minecraft:stick":1,"alexscaves:scarlet_neodymium_pillar":1,"minecraft:filled_map":5,"alexscaves:acid_bucket":1,"minecraft:dirt":1,"minecraft:diorite":3,"minecraft:azalea_leaves":1,"minecraft:iron_chestplate":2,"alexscaves:hazmat_chestplate":1,"minecraft:map":1,"minecraft:iron_leggings":2,"relics:arrow_quiver":2,"alexscaves:cave_map":6,"minecraft:sandstone":209,"alexscaves:hazmat_boots":1,"minecraft:flowering_azalea":2,"minecraft:sand":151,"minecraft:arrow":67,"minecraft:bow":1,"twilightforest:knightmetal_sword":1,"alexscaves:tesla_bulb":2,"minecraft:cactus":1,"alexscaves:charred_remnant":1,"alexscaves:hazmat_leggings":1,"alexscaves:radgill_bucket":1,"epicfight:skillbook":3,"minecraft:bone":2},"minecraft:picked_up":{"minecraft:iron_chestplate":1,"minecraft:clay_ball":16,"minecraft:andesite":1,"minecraft:filled_map":1,"minecraft:enchanted_book":1,"alexscaves:hazmat_leggings":1,"alexscaves:charred_remnant":1,"minecraft:string":3,"minecraft:dirt":1,"minecraft:raw_copper":5,"minecraft:iron_leggings":1,"minecraft:bone":3,"alexscaves:hazmat_mask":1,"alexscaves:magnetic_light":3,"minecraft:cooked_chicken":5,"minecraft:rabbit":1,"minecraft:flowering_azalea":2,"minecraft:iron_boots":1,"minecraft:raw_iron":1,"minecraft:stick":6,"minecraft:sandstone":241,"alexscaves:tesla_bulb":2,"epicfight:skillbook":2,"minecraft:sand":196,"tombstone:grave_dust":2,"minecraft:diorite":3,"minecraft:spider_eye":4,"minecraft:bundle":1,"minecraft:cactus":1,"minecraft:arrow":3,"minecraft:rotten_flesh":7,"minecraft:iron_helmet":1,"relics:arrow_quiver":3,"minecraft:granite":6,"alexscaves:cave_map":4,"minecraft:cobblestone":25,"minecraft:ender_pearl":1},"minecraft:used":{"alexscaves:quarry_smasher":1,"advancednetherite:netherite_diamond_sword":7,"epicfight:skillbook":10,"relics:researching_table":2,"minecraft:cartography_table":1,"alexscaves:scarlet_neodymium_pillar":8,"minecraft:sandstone":37,"twilightforest:knightmetal_sword":5,"alexscaves:tremorzilla_egg":2,"minecraft:sand":22,"minecraft:hopper":1,"minecraft:loom":1,"alexscaves:cave_book":1,"minecraft:milk_bucket":3,"minecraft:warden_spawn_egg":1,"wom:agony":46,"minecraft:filled_map":1,"minecraft:map":5,"alexscaves:remote_detonator":2,"minecraft:item_frame":13,"minecraft:cobblestone":19,"minecraft:bow":41,"minecraft:white_banner":2,"ironchest:obsidian_chest":1,"alexscaves:music_disc_fusion":1,"tombstone:gift":4,"alexscaves:quarry":1,"alexscaves:magnetic_light":46,"alexscaves:nuclear_bomb":2,"minecraft:jukebox":1,"epicfight:uchigatana":2}},"DataVersion":3465}