{"stats":{"minecraft:dropped":{"minecraft:cooked_beef":12,"minecraft:crossbow":1,"minecraft:weeping_vines":2,"minecraft:black_bed":2,"minecraft:saddle":1,"travelersbackpack:standard":5,"minecraft:flint":1,"minecraft:dirt":16,"relics:leather_belt":2,"minecraft:mutton":3,"minecraft:wooden_sword":3,"minecraft:sand":233,"minecraft:white_wool":8,"minecraft:gold_ingot":36,"minecraft:armor_stand":1,"wom:golden_monocle":1,"minecraft:cobbled_deepslate":535,"relics:drowned_belt":1,"alexscaves:cave_tablet":3,"minecraft:pointed_dripstone":3,"minecraft:rotten_flesh":54,"minecraft:oak_planks":3,"minecraft:cooked_mutton":7,"justhammers:iron_hammer":2,"minecraft:azure_bluet":1,"minecraft:poppy":3,"alexscaves:cave_book":1,"minecraft:charcoal":31,"minecraft:acacia_sapling":36,"minecraft:arrow":40,"minecraft:netherrack":5,"minecraft:egg":2,"minecraft:iron_ingot":34,"epicfight:diamond_greatsword":1,"minecraft:wheat_seeds":585,"minecraft:mossy_cobblestone":3,"minecraft:dripstone_block":3,"minecraft:feather":4,"minecraft:oak_fence":3,"minecraft:cobblestone":112,"minecraft:amethyst_block":64,"minecraft:granite":16,"minecraft:stick":39,"epicfight:iron_longsword":1,"relics:roller_skates":1,"minecraft:diorite":14,"tombstone:magic_scroll":1,"minecraft:torch":10,"tombstone:grave_key":2,"minecraft:gray_bed":1,"minecraft:wooden_axe":1,"epicfight:iron_greatsword":1,"minecraft:potion":1,"minecraft:iron_leggings":1,"minecraft:white_banner":4,"minecraft:iron_axe":2,"minecraft:paper":21,"minecraft:string":4,"minecraft:bucket":1,"minecraft:redstone":5,"minecraft:kelp":5,"minecraft:raw_copper":42,"minecraft:tuff":480,"minecraft:stone_shovel":1,"minecraft:iron_boots":2,"alexscaves:cave_codex":1,"minecraft:stripped_oak_log":1,"minecraft:glass_pane":16,"minecraft:target":1,"minecraft:filled_map":4,"minecraft:iron_chestplate":2,"minecraft:andesite":25,"minecraft:golden_leggings":1,"minecraft:oak_sapling":24,"minecraft:carved_pumpkin":1,"minecraft:spider_eye":2,"minecraft:sandstone":10,"relics:arrow_quiver":1,"minecraft:wooden_pickaxe":1,"minecraft:raw_gold":1,"minecraft:magma_block":1,"epicfight:skillbook":10},"minecraft:killed":{"minecraft:cave_spider":5,"minecraft:witch":6,"minecraft:spider":5,"minecraft:skeleton":20,"minecraft:chicken":2,"minecraft:pig":44,"minecraft:creeper":8,"minecraft:sheep":3,"minecraft:pillager":31,"minecraft:zombie":29,"minecraft:cow":76,"minecraft:evoker":7,"minecraft:vindicator":16,"minecraft:horse":3,"ninjacraft:master":1,"minecraft:drowned":2,"minecraft:ravager":4},"minecraft:killed_by":{"minecraft:evoker":1,"minecraft:creeper":1,"minecraft:vindicator":1,"ninjacraft:master":6,"minecraft:cave_spider":1,"minecraft:vex":4,"minecraft:player":1,"minecraft:enderman":1,"minecraft:iron_golem":1,"minecraft:skeleton":6},"minecraft:crafted":{"minecraft:oak_planks":56,"travelersbackpack:crafting_upgrade":3,"minecraft:melon":19,"minecraft:cooked_chicken":0,"minecraft:cooked_mutton":8,"minecraft:glass":0,"minecraft:diamond_helmet":1,"minecraft:bow":1,"minecraft:diamond_leggings":1,"minecraft:iron_boots":3,"minecraft:chest":10,"travelersbackpack:iron_tier_upgrade":2,"minecraft:emerald":123,"minecraft:cooked_porkchop":32,"minecraft:crafting_table":6,"travelersbackpack:standard":7,"minecraft:iron_helmet":1,"minecraft:wooden_pickaxe":1,"minecraft:copper_ingot":19,"epicfight:iron_longsword":1,"minecraft:hay_block":36,"minecraft:apple":32,"minecraft:iron_chestplate":3,"minecraft:charcoal":98,"minecraft:shield":1,"minecraft:stick":1856,"minecraft:iron_ingot":82,"minecraft:iron_pickaxe":2,"minecraft:stone_sword":1,"minecraft:gold_ingot":48,"epicfight:diamond_tachi":1,"minecraft:shears":1,"minecraft:golden_carrot":21,"minecraft:wooden_sword":2,"minecraft:stone_shovel":2,"wom:stone_staff":1,"minecraft:furnace":3,"travelersbackpack:blank_upgrade":12,"travelersbackpack:gold_tier_upgrade":1,"minecraft:glass_pane":16,"travelersbackpack:white_sleeping_bag":3,"minecraft:iron_axe":2,"minecraft:stone_pickaxe":1,"epicfight:iron_greatsword":1,"minecraft:diamond_boots":1,"minecraft:redstone_block":7,"minecraft:wheat":1080,"minecraft:cooked_beef":38,"minecraft:crossbow":2,"minecraft:diamond_sword":1,"travelersbackpack:backpack_tank":12,"minecraft:iron_sword":1,"minecraft:bucket":2,"minecraft:stone_axe":1,"minecraft:bread":42,"minecraft:air":0,"ironfurnaces:copper_furnace":3,"minecraft:oak_boat":1,"justhammers:iron_hammer":2,"minecraft:white_wool":8,"minecraft:golden_apple":5,"minecraft:wooden_axe":3,"minecraft:iron_leggings":3,"minecraft:acacia_planks":1060,"minecraft:torch":92,"minecraft:diamond_chestplate":1},"minecraft:picked_up":{"minecraft:wheat":699,"alexscaves:cave_tablet":9,"minecraft:brown_bed":1,"minecraft:potion":1,"minecraft:enchanted_book":3,"tombstone:grave_key":2,"minecraft:amethyst_block":64,"minecraft:string":36,"minecraft:raw_copper":26,"minecraft:armor_stand":2,"minecraft:cobbled_deepslate":942,"minecraft:iron_pickaxe":1,"minecraft:melon_slice":190,"minecraft:furnace":6,"minecraft:stick":141,"wom:golden_monocle":1,"minecraft:composter":4,"minecraft:oak_fence":3,"minecraft:torch":69,"minecraft:acacia_log":376,"epicfight:diamond_greatsword":1,"epicfight:skillbook":18,"minecraft:porkchop":109,"minecraft:target":1,"minecraft:diorite":15,"minecraft:pointed_dripstone":4,"tombstone:grave_dust":16,"tombstone:tablet_of_cupidity":1,"minecraft:brown_carpet":1,"minecraft:orange_bed":1,"minecraft:rotten_flesh":54,"minecraft:carved_pumpkin":1,"minecraft:cobblestone":331,"minecraft:birch_log":4,"minecraft:magma_block":3,"minecraft:feather":7,"minecraft:cooked_beef":12,"minecraft:andesite":25,"minecraft:orange_carpet":5,"minecraft:black_bed":9,"minecraft:golden_leggings":1,"minecraft:smoker":1,"alexscaves:cave_book":1,"minecraft:flint":1,"minecraft:tuff":490,"minecraft:lapis_lazuli":28,"minecraft:dirt":45,"minecraft:lantern":2,"minecraft:name_tag":1,"ninjacraft:katana":1,"minecraft:bone":20,"minecraft:glass":33,"minecraft:acacia_planks":8,"minecraft:wheat_seeds":1918,"minecraft:raw_gold":73,"minecraft:fletching_table":7,"minecraft:glowstone_dust":4,"minecraft:oak_planks":1,"minecraft:sand":367,"minecraft:acacia_stairs":1,"minecraft:grass_block":1,"minecraft:mossy_cobblestone":3,"minecraft:sugar":5,"minecraft:diamond":39,"waystones:waystone":1,"minecraft:crossbow":5,"minecraft:granite":16,"minecraft:bone_meal":8,"minecraft:golden_apple":1,"minecraft:spruce_sign":2,"minecraft:emerald":17,"minecraft:netherrack":5,"minecraft:oak_sapling":106,"minecraft:dark_oak_fence":4,"minecraft:charcoal":52,"minecraft:crafting_table":4,"minecraft:azure_bluet":1,"minecraft:chicken":2,"minecraft:wooden_pickaxe":1,"minecraft:pink_wool":1,"minecraft:gold_block":1,"paraglider:heart_container":1,"relics:leather_belt":1,"minecraft:iron_axe":2,"minecraft:wooden_sword":1,"minecraft:item_frame":10,"minecraft:beef":195,"minecraft:player_head":2,"minecraft:poppy":4,"minecraft:spruce_slab":2,"minecraft:light_gray_wool":3,"minecraft:sugar_cane":76,"minecraft:birch_sapling":1,"relics:drowned_belt":1,"minecraft:egg":4,"minecraft:raw_iron":163,"minecraft:sandstone":10,"minecraft:copper_ingot":1,"minecraft:redstone":32,"minecraft:tnt":4,"minecraft:weeping_vines":2,"minecraft:arrow":116,"minecraft:stone_shovel":1,"minecraft:jungle_stairs":1,"minecraft:hay_block":84,"alexscaves:spelunkery_table":2,"minecraft:totem_of_undying":5,"minecraft:saddle":3,"minecraft:gold_ingot":1,"minecraft:glow_berries":3,"minecraft:mutton":13,"minecraft:white_wool":13,"minecraft:stripped_oak_log":3,"minecraft:leather":116,"minecraft:filled_map":1,"minecraft:oak_log":227,"minecraft:gunpowder":6,"minecraft:white_banner":5,"minecraft:cooked_mutton":4,"minecraft:apple":5,"minecraft:kelp":5,"minecraft:iron_ingot":19,"minecraft:glass_bottle":2,"minecraft:gray_bed":1,"minecraft:acacia_sapling":107,"minecraft:book":165,"minecraft:scaffolding":2,"minecraft:pumpkin":38,"minecraft:dripstone_block":3,"minecraft:gravel":16,"minecraft:amethyst_shard":4,"minecraft:spider_eye":2,"travelersbackpack:standard":3,"minecraft:slime_ball":2,"ironfurnaces:copper_furnace":3,"alexscaves:cave_map":1,"tombstone:magic_scroll":1,"minecraft:melon_seeds":4,"minecraft:black_wool":2,"minecraft:coal":89,"minecraft:ender_pearl":1},"minecraft:mined":{"minecraft:large_amethyst_bud":1,"minecraft:attached_melon_stem":1,"minecraft:carved_pumpkin":1,"minecraft:granite":16,"minecraft:acacia_log":408,"minecraft:grass_block":22,"minecraft:composter":4,"minecraft:magma_block":3,"minecraft:iron_ore":59,"minecraft:cobbled_deepslate":1,"minecraft:target":1,"minecraft:pumpkin":39,"minecraft:fletching_table":7,"minecraft:deepslate_lapis_ore":2,"minecraft:brown_bed":1,"minecraft:pointed_dripstone":3,"minecraft:dirt_path":1,"minecraft:player_head":1,"minecraft:spruce_slab":2,"minecraft:orange_bed":1,"minecraft:kelp_plant":1,"minecraft:melon_stem":1,"minecraft:smoker":1,"minecraft:medium_amethyst_bud":1,"ironfurnaces:copper_furnace":3,"minecraft:torch":8,"minecraft:jungle_stairs":1,"minecraft:melon":38,"minecraft:spruce_wall_sign":3,"minecraft:cobblestone":8,"minecraft:sugar_cane":35,"minecraft:oak_planks":1,"minecraft:wall_torch":3,"minecraft:deepslate_copper_ore":5,"minecraft:birch_log":5,"minecraft:wheat":653,"minecraft:tnt":4,"minecraft:black_bed":7,"minecraft:grass":94,"minecraft:oak_log":254,"minecraft:sand":346,"minecraft:dirt":23,"minecraft:netherrack":5,"minecraft:oak_leaves":17,"minecraft:deepslate":76,"alexscaves:spelunkery_table":1,"minecraft:tuff":22,"minecraft:mossy_cobblestone":3,"minecraft:dark_oak_fence":12,"minecraft:sandstone":10,"minecraft:hay_block":86,"minecraft:furnace":6,"minecraft:acacia_stairs":1,"minecraft:andesite":16,"minecraft:gold_block":1,"minecraft:bookshelf":54,"minecraft:deepslate_iron_ore":59,"minecraft:stripped_oak_log":3,"minecraft:stone":283,"minecraft:white_wool":5,"minecraft:scaffolding":2,"minecraft:brown_carpet":1,"minecraft:oak_fence":3,"minecraft:crafting_table":4,"minecraft:tall_grass":20,"minecraft:copper_ore":1,"minecraft:deepslate_gold_ore":17,"minecraft:diorite":17,"minecraft:orange_carpet":5,"minecraft:gray_bed":1,"minecraft:coal_ore":75,"minecraft:gravel":5,"minecraft:cobweb":26,"minecraft:acacia_planks":8},"minecraft:used":{"minecraft:melon":1,"minecraft:spruce_slab":2,"minecraft:poppy":1,"minecraft:shield":6,"ninjacraft:katana":6,"minecraft:player_head":2,"minecraft:carrot":7,"minecraft:acacia_sapling":6,"minecraft:tuff":9,"minecraft:lantern":2,"minecraft:grass_block":1,"minecraft:item_frame":10,"minecraft:magma_block":2,"minecraft:brown_carpet":1,"minecraft:bow":80,"minecraft:scaffolding":2,"minecraft:oak_sapling":1,"minecraft:furnace":6,"minecraft:egg":2,"epicfight:skillbook":26,"minecraft:diorite":1,"minecraft:stone_pickaxe":131,"minecraft:wooden_pickaxe":102,"epicfight:iron_longsword":1,"minecraft:composter":4,"minecraft:sugar_cane":3,"minecraft:white_wool":1,"minecraft:glow_berries":6,"minecraft:sand":10,"alexscaves:cave_book":2,"minecraft:crossbow":5,"minecraft:black_bed":6,"waystones:waystone":1,"minecraft:melon_slice":19,"minecraft:bread":34,"minecraft:wooden_sword":34,"minecraft:dark_oak_fence":4,"minecraft:oak_boat":1,"minecraft:bone_meal":1,"ironfurnaces:copper_furnace":6,"minecraft:stone_sword":108,"minecraft:acacia_log":1,"minecraft:armor_stand":1,"minecraft:stone_shovel":225,"minecraft:cooked_salmon":5,"minecraft:cooked_chicken":1,"minecraft:orange_bed":1,"minecraft:torch":144,"minecraft:dirt":29,"wom:stone_staff":325,"minecraft:wooden_axe":139,"minecraft:iron_axe":574,"epicfight:diamond_tachi":347,"minecraft:totem_of_undying":5,"alexscaves:spelunkery_table":1,"tombstone:gift":13,"minecraft:cooked_beef":72,"minecraft:cobbled_deepslate":51,"minecraft:acacia_planks":65,"minecraft:pointed_dripstone":1,"minecraft:brown_bed":1,"minecraft:iron_leggings":2,"minecraft:wheat_seeds":873,"minecraft:water_bucket":9,"minecraft:spruce_sign":2,"minecraft:fletching_table":7,"minecraft:orange_carpet":3,"minecraft:crafting_table":7,"justhammers:iron_hammer":164,"minecraft:smoker":1,"minecraft:apple":1,"minecraft:acacia_stairs":1,"minecraft:iron_pickaxe":475,"minecraft:jungle_stairs":1,"minecraft:stone_axe":299,"minecraft:fishing_rod":1,"minecraft:cobblestone":34,"travelersbackpack:standard":18,"minecraft:white_banner":1,"minecraft:cooked_porkchop":19,"minecraft:bucket":13,"minecraft:diamond_leggings":2},"minecraft:custom":{"minecraft:animals_bred":10,"minecraft:interact_with_crafting_table":76,"minecraft:open_barrel":4,"minecraft:bell_ring":12,"minecraft:eat_cake_slice":4,"minecraft:leave_game":3,"minecraft:time_since_death":158752,"minecraft:sprint_one_cm":1730962,"minecraft:damage_blocked_by_shield":750,"minecraft:drop":317,"minecraft:talked_to_villager":43,"minecraft:play_time":520381,"minecraft:deaths":23,"minecraft:jump":7657,"minecraft:walk_on_water_one_cm":126472,"minecraft:interact_with_furnace":155,"minecraft:traded_with_villager":139,"minecraft:interact_with_loom":10,"minecraft:sleep_in_bed":22,"minecraft:waystone_activated":5,"minecraft:damage_dealt":45342,"minecraft:player_kills":4,"minecraft:crouch_one_cm":25263,"tombstone:undead_killed":51,"minecraft:interact_with_smoker":12,"minecraft:inspect_dispenser":1,"minecraft:horse_one_cm":30959,"minecraft:interact_with_smithing_table":13,"minecraft:mob_kills":269,"minecraft:climb_one_cm":848,"minecraft:walk_one_cm":3226778,"minecraft:damage_dealt_absorbed":1678,"minecraft:raid_win":1,"minecraft:sneak_time":7735,"minecraft:walk_under_water_one_cm":93309,"minecraft:boat_one_cm":20,"minecraft:total_world_time":520381,"tombstone:raider_killed":64,"minecraft:raid_trigger":1,"minecraft:time_since_rest":1326,"minecraft:damage_taken":14792,"minecraft:damage_absorbed":136,"minecraft:swim_one_cm":131824,"minecraft:fly_one_cm":2642031,"minecraft:open_chest":95,"minecraft:fall_one_cm":172520},"minecraft:broken":{"wom:stone_staff":1,"minecraft:diamond_helmet":1,"minecraft:stone_pickaxe":1,"minecraft:diamond_boots":1,"minecraft:stone_axe":2,"minecraft:wooden_axe":2,"minecraft:stone_shovel":1,"minecraft:stone_sword":1,"minecraft:wooden_pickaxe":1,"minecraft:iron_axe":2,"minecraft:iron_pickaxe":2}},"DataVersion":3465}