{"stats":{"minecraft:killed":{"minecraft:skeleton":2,"minecraft:husk":12,"minecraft:spider":3,"minecraft:creeper":1,"minecraft:enderman":1},"minecraft:custom":{"minecraft:time_since_rest":22490,"minecraft:sprint_one_cm":183670,"minecraft:damage_taken":40,"minecraft:walk_one_cm":418183,"minecraft:mob_kills":35,"minecraft:drop":306,"minecraft:damage_dealt":1786,"minecraft:play_record":1,"minecraft:damage_dealt_absorbed":114,"minecraft:player_kills":1,"minecraft:fly_one_cm":645978,"minecraft:crouch_one_cm":873,"minecraft:play_time":107328,"minecraft:deaths":1,"tombstone:undead_killed":14,"minecraft:sneak_time":229,"minecraft:walk_under_water_one_cm":2982,"minecraft:jump":902,"minecraft:leave_game":1,"minecraft:time_since_death":22873,"minecraft:walk_on_water_one_cm":10154,"minecraft:total_world_time":107328,"minecraft:climb_one_cm":540,"minecraft:fall_one_cm":659},"minecraft:dropped":{"minecraft:enchanted_book":1,"minecraft:dirt":1,"alexscaves:acid_bucket":1,"minecraft:cooked_chicken":69,"minecraft:azalea_leaves":1,"alexscaves:hazmat_chestplate":1,"minecraft:map":1,"minecraft:cobblestone":8,"minecraft:flowering_azalea":2,"minecraft:rotten_flesh":1,"alexscaves:hazmat_mask":1,"alexscaves:cave_map":2,"alexscaves:hazmat_boots":1,"minecraft:sandstone":129,"minecraft:arrow":65,"minecraft:sand":72,"relics:arrow_quiver":2,"minecraft:bow":1,"twilightforest:knightmetal_sword":1,"travelersbackpack:bat":1,"alexscaves:charred_remnant":1,"minecraft:cactus":1,"alexscaves:hazmat_leggings":1,"alexscaves:radgill_bucket":1,"alexscaves:radon_bottle":1,"epicfight:skillbook":3},"minecraft:picked_up":{"minecraft:sandstone":160,"minecraft:filled_map":1,"epicfight:skillbook":2,"minecraft:enchanted_book":1,"minecraft:sand":86,"tombstone:grave_dust":2,"alexscaves:charred_remnant":1,"minecraft:dirt":1,"minecraft:spider_eye":1,"minecraft:string":2,"minecraft:arrow":1,"minecraft:bundle":1,"minecraft:cactus":1,"minecraft:bone":1,"minecraft:rotten_flesh":7,"relics:arrow_quiver":3,"minecraft:granite":1,"minecraft:cooked_chicken":5,"alexscaves:cave_map":1,"minecraft:flowering_azalea":2,"minecraft:cobblestone":8,"minecraft:ender_pearl":1},"minecraft:used":{"minecraft:warden_spawn_egg":1,"wom:agony":1,"advancednetherite:netherite_diamond_sword":7,"epicfight:skillbook":10,"relics:researching_table":2,"alexscaves:remote_detonator":2,"twilightforest:knightmetal_sword":5,"minecraft:bow":32,"alexscaves:tremorzilla_egg":2,"alexscaves:music_disc_fusion":1,"tombstone:gift":4,"alexscaves:nuclear_bomb":2,"minecraft:jukebox":1,"epicfight:uchigatana":2,"minecraft:milk_bucket":3}},"DataVersion":3465}