{"stats":{"minecraft:picked_up":{"minecraft:charcoal":21,"minecraft:crafting_table":3,"minecraft:chicken":1,"alexscaves:cave_tablet":8,"minecraft:pink_wool":1,"minecraft:string":32,"minecraft:raw_copper":26,"minecraft:wooden_sword":1,"minecraft:cobbled_deepslate":926,"minecraft:beef":6,"minecraft:furnace":3,"minecraft:egg":2,"minecraft:stick":16,"minecraft:raw_iron":81,"minecraft:torch":5,"minecraft:acacia_log":82,"epicfight:skillbook":1,"minecraft:porkchop":18,"tombstone:grave_dust":2,"minecraft:pointed_dripstone":3,"minecraft:diorite":1,"minecraft:redstone":27,"minecraft:tnt":1,"minecraft:arrow":3,"minecraft:rotten_flesh":4,"alexscaves:spelunkery_table":1,"minecraft:mutton":7,"minecraft:cobblestone":149,"minecraft:white_wool":1,"minecraft:feather":2,"minecraft:cooked_beef":12,"minecraft:andesite":16,"minecraft:leather":2,"minecraft:golden_leggings":1,"alexscaves:cave_book":1,"minecraft:flint":1,"minecraft:tuff":489,"minecraft:oak_log":14,"minecraft:lapis_lazuli":28,"minecraft:dirt":3,"minecraft:cooked_mutton":3,"minecraft:bone":8,"minecraft:acacia_planks":3,"minecraft:wheat_seeds":2,"minecraft:raw_gold":15,"minecraft:iron_ingot":6,"minecraft:acacia_sapling":32,"minecraft:pumpkin":9,"minecraft:dripstone_block":3,"minecraft:gravel":15,"minecraft:spider_eye":1,"minecraft:mossy_cobblestone":2,"minecraft:diamond":4,"minecraft:oak_sapling":4,"minecraft:coal":9},"minecraft:mined":{"alexscaves:spelunkery_table":1,"minecraft:tuff":22,"minecraft:mossy_cobblestone":2,"minecraft:acacia_log":88,"minecraft:grass_block":1,"minecraft:furnace":3,"minecraft:iron_ore":15,"minecraft:cobbled_deepslate":1,"minecraft:andesite":8,"minecraft:pumpkin":10,"minecraft:deepslate_lapis_ore":2,"minecraft:pointed_dripstone":3,"minecraft:deepslate_iron_ore":42,"minecraft:stone":93,"minecraft:crafting_table":3,"minecraft:torch":1,"minecraft:tall_grass":2,"minecraft:copper_ore":1,"minecraft:cobblestone":2,"minecraft:deepslate_gold_ore":14,"minecraft:wall_torch":2,"minecraft:deepslate_copper_ore":5,"minecraft:tnt":1,"minecraft:grass":14,"minecraft:oak_log":11,"minecraft:coal_ore":10,"minecraft:gravel":4,"minecraft:dirt":3,"minecraft:cobweb":26,"minecraft:acacia_planks":3,"minecraft:deepslate":65},"minecraft:killed":{"minecraft:cave_spider":5,"minecraft:spider":2,"minecraft:skeleton":6,"minecraft:chicken":1,"minecraft:pig":8,"minecraft:creeper":3,"minecraft:sheep":2,"minecraft:zombie":5,"minecraft:cow":3},"minecraft:custom":{"minecraft:mob_kills":35,"minecraft:interact_with_crafting_table":30,"minecraft:open_barrel":1,"minecraft:leave_game":1,"minecraft:time_since_death":15251,"minecraft:sprint_one_cm":245108,"minecraft:walk_one_cm":679176,"minecraft:drop":96,"minecraft:damage_dealt_absorbed":127,"minecraft:play_time":105130,"minecraft:deaths":7,"minecraft:sneak_time":1641,"minecraft:walk_under_water_one_cm":3928,"minecraft:jump":1208,"minecraft:walk_on_water_one_cm":17216,"minecraft:total_world_time":105130,"minecraft:interact_with_furnace":76,"minecraft:interact_with_loom":7,"minecraft:time_since_rest":13554,"minecraft:damage_taken":2453,"minecraft:damage_dealt":5900,"minecraft:player_kills":3,"minecraft:fly_one_cm":271196,"minecraft:open_chest":9,"minecraft:crouch_one_cm":10455,"tombstone:undead_killed":11,"minecraft:fall_one_cm":35900},"minecraft:used":{"minecraft:stone_sword":108,"minecraft:torch":55,"minecraft:dirt":3,"wom:stone_staff":41,"minecraft:tuff":9,"minecraft:wooden_axe":57,"alexscaves:spelunkery_table":1,"minecraft:furnace":6,"tombstone:gift":5,"minecraft:acacia_planks":7,"minecraft:cobbled_deepslate":42,"minecraft:pointed_dripstone":1,"epicfight:skillbook":1,"minecraft:stone_pickaxe":131,"minecraft:wooden_pickaxe":59,"epicfight:iron_longsword":1,"minecraft:crafting_table":5,"alexscaves:cave_book":2,"justhammers:iron_hammer":164,"minecraft:iron_pickaxe":101,"minecraft:stone_axe":66,"minecraft:wooden_sword":34,"minecraft:cobblestone":10,"minecraft:cooked_porkchop":12},"minecraft:broken":{"minecraft:stone_sword":1,"minecraft:wooden_pickaxe":1,"minecraft:stone_pickaxe":1,"minecraft:wooden_axe":1},"minecraft:crafted":{"minecraft:wooden_sword":2,"minecraft:oak_planks":12,"wom:stone_staff":1,"minecraft:furnace":3,"minecraft:cooked_mutton":4,"minecraft:iron_boots":2,"minecraft:stone_pickaxe":1,"minecraft:cooked_porkchop":18,"minecraft:crafting_table":2,"minecraft:wooden_pickaxe":1,"minecraft:iron_helmet":1,"minecraft:iron_sword":1,"epicfight:iron_longsword":1,"minecraft:stone_axe":1,"minecraft:air":0,"justhammers:iron_hammer":2,"minecraft:iron_chestplate":2,"minecraft:charcoal":74,"minecraft:stick":28,"minecraft:iron_ingot":57,"minecraft:iron_pickaxe":1,"minecraft:wooden_axe":1,"minecraft:stone_sword":1,"minecraft:gold_ingot":22,"minecraft:iron_leggings":2,"minecraft:acacia_planks":32,"minecraft:torch":92},"minecraft:dropped":{"minecraft:iron_ingot":4,"minecraft:wheat_seeds":1,"minecraft:cooked_beef":12,"minecraft:mossy_cobblestone":2,"minecraft:dripstone_block":3,"minecraft:feather":2,"minecraft:cobblestone":74,"epicfight:iron_longsword":1,"minecraft:diorite":1,"minecraft:torch":10,"minecraft:wooden_sword":3,"minecraft:paper":1,"minecraft:cobbled_deepslate":535,"minecraft:raw_copper":26,"alexscaves:cave_tablet":3,"minecraft:tuff":480,"minecraft:pointed_dripstone":2,"minecraft:rotten_flesh":4,"minecraft:iron_boots":1,"justhammers:iron_hammer":2,"alexscaves:cave_book":1,"minecraft:iron_chestplate":1,"minecraft:andesite":16,"minecraft:golden_leggings":1,"minecraft:oak_sapling":4,"minecraft:acacia_sapling":32,"minecraft:spider_eye":1,"minecraft:raw_gold":1,"minecraft:egg":2},"minecraft:killed_by":{"minecraft:creeper":1,"minecraft:skeleton":6}},"DataVersion":3465}