{"stats":{"minecraft:picked_up":{"minecraft:charcoal":52,"minecraft:crafting_table":3,"minecraft:chicken":1,"minecraft:pink_wool":1,"alexscaves:cave_tablet":9,"minecraft:brown_bed":1,"minecraft:amethyst_block":64,"minecraft:string":32,"minecraft:raw_copper":26,"minecraft:wooden_sword":1,"minecraft:cobbled_deepslate":942,"minecraft:beef":6,"minecraft:iron_pickaxe":1,"minecraft:sugar_cane":9,"minecraft:furnace":6,"minecraft:egg":2,"minecraft:stick":16,"minecraft:raw_iron":152,"minecraft:copper_ingot":1,"minecraft:torch":7,"minecraft:acacia_log":82,"epicfight:skillbook":7,"minecraft:porkchop":18,"minecraft:pointed_dripstone":4,"tombstone:grave_dust":3,"minecraft:diorite":2,"minecraft:redstone":27,"tombstone:tablet_of_cupidity":1,"minecraft:tnt":4,"minecraft:arrow":12,"minecraft:rotten_flesh":10,"minecraft:hay_block":4,"alexscaves:spelunkery_table":2,"minecraft:glow_berries":3,"minecraft:mutton":7,"minecraft:cobblestone":166,"minecraft:white_wool":6,"minecraft:stripped_oak_log":3,"minecraft:magma_block":1,"minecraft:feather":4,"minecraft:cooked_beef":12,"minecraft:andesite":17,"minecraft:black_bed":4,"minecraft:leather":2,"minecraft:golden_leggings":1,"alexscaves:cave_book":1,"minecraft:flint":1,"minecraft:tuff":490,"minecraft:oak_log":14,"minecraft:lapis_lazuli":28,"minecraft:dirt":3,"minecraft:name_tag":1,"minecraft:cooked_mutton":3,"minecraft:bone":11,"minecraft:acacia_planks":3,"minecraft:wheat_seeds":3,"minecraft:raw_gold":18,"minecraft:iron_ingot":6,"minecraft:gray_bed":1,"minecraft:oak_planks":1,"minecraft:acacia_sapling":32,"minecraft:pumpkin":9,"minecraft:dripstone_block":3,"minecraft:gravel":15,"minecraft:amethyst_shard":4,"minecraft:spider_eye":2,"minecraft:mossy_cobblestone":2,"minecraft:diamond":4,"ironfurnaces:copper_furnace":1,"alexscaves:cave_map":1,"minecraft:oak_sapling":4,"minecraft:dark_oak_fence":4,"minecraft:coal":87},"minecraft:mined":{"minecraft:large_amethyst_bud":1,"alexscaves:spelunkery_table":1,"minecraft:tuff":22,"minecraft:mossy_cobblestone":2,"minecraft:dark_oak_fence":12,"minecraft:acacia_log":88,"minecraft:grass_block":1,"minecraft:hay_block":4,"minecraft:magma_block":1,"minecraft:furnace":6,"minecraft:iron_ore":48,"minecraft:cobbled_deepslate":1,"minecraft:andesite":9,"minecraft:pumpkin":10,"minecraft:deepslate_lapis_ore":2,"minecraft:brown_bed":1,"minecraft:pointed_dripstone":3,"minecraft:deepslate_iron_ore":59,"minecraft:stripped_oak_log":3,"minecraft:stone":119,"minecraft:white_wool":5,"minecraft:medium_amethyst_bud":1,"ironfurnaces:copper_furnace":1,"minecraft:crafting_table":3,"minecraft:torch":1,"minecraft:tall_grass":4,"minecraft:copper_ore":1,"minecraft:cobblestone":7,"minecraft:deepslate_gold_ore":17,"minecraft:oak_planks":1,"minecraft:diorite":4,"minecraft:wall_torch":3,"minecraft:deepslate_copper_ore":5,"minecraft:gray_bed":1,"minecraft:black_bed":3,"minecraft:tnt":4,"minecraft:grass":14,"minecraft:oak_log":11,"minecraft:coal_ore":73,"minecraft:gravel":4,"minecraft:dirt":4,"minecraft:cobweb":26,"minecraft:acacia_planks":3,"minecraft:deepslate":76},"minecraft:killed":{"minecraft:cave_spider":5,"minecraft:spider":2,"minecraft:skeleton":9,"minecraft:chicken":1,"minecraft:pig":8,"minecraft:creeper":3,"minecraft:sheep":2,"minecraft:pillager":2,"minecraft:zombie":9,"minecraft:cow":3},"minecraft:custom":{"minecraft:mob_kills":44,"minecraft:interact_with_crafting_table":38,"minecraft:open_barrel":4,"minecraft:leave_game":1,"minecraft:time_since_death":73223,"minecraft:climb_one_cm":848,"minecraft:sprint_one_cm":381912,"minecraft:walk_one_cm":1003632,"minecraft:drop":126,"minecraft:damage_dealt_absorbed":127,"minecraft:play_time":163102,"minecraft:deaths":7,"minecraft:sneak_time":2352,"minecraft:walk_under_water_one_cm":18720,"minecraft:jump":1734,"minecraft:walk_on_water_one_cm":29215,"minecraft:total_world_time":163102,"minecraft:interact_with_furnace":95,"tombstone:raider_killed":2,"minecraft:interact_with_loom":10,"minecraft:sleep_in_bed":4,"minecraft:time_since_rest":6431,"minecraft:damage_taken":3001,"minecraft:damage_dealt":7722,"minecraft:swim_one_cm":1649,"minecraft:fly_one_cm":353743,"minecraft:player_kills":3,"minecraft:open_chest":23,"minecraft:crouch_one_cm":14371,"tombstone:undead_killed":18,"minecraft:fall_one_cm":47168},"minecraft:used":{"ironfurnaces:copper_furnace":2,"minecraft:stone_sword":108,"minecraft:torch":77,"minecraft:dirt":3,"minecraft:carrot":4,"wom:stone_staff":197,"minecraft:tuff":9,"minecraft:wooden_axe":57,"alexscaves:spelunkery_table":1,"minecraft:furnace":6,"tombstone:gift":5,"minecraft:acacia_planks":7,"minecraft:cobbled_deepslate":51,"minecraft:brown_bed":1,"minecraft:pointed_dripstone":1,"epicfight:skillbook":15,"minecraft:diorite":1,"minecraft:stone_pickaxe":131,"minecraft:wooden_pickaxe":59,"epicfight:iron_longsword":1,"minecraft:glow_berries":6,"minecraft:crafting_table":5,"alexscaves:cave_book":2,"minecraft:black_bed":1,"justhammers:iron_hammer":164,"minecraft:iron_pickaxe":272,"minecraft:stone_axe":91,"minecraft:wooden_sword":34,"minecraft:cobblestone":33,"minecraft:dark_oak_fence":4,"minecraft:cooked_porkchop":18},"minecraft:broken":{"minecraft:stone_sword":1,"minecraft:wooden_pickaxe":1,"minecraft:stone_pickaxe":1,"minecraft:iron_pickaxe":2,"minecraft:wooden_axe":1},"minecraft:crafted":{"minecraft:wooden_sword":2,"minecraft:oak_planks":12,"wom:stone_staff":1,"minecraft:furnace":3,"minecraft:cooked_mutton":4,"minecraft:iron_boots":2,"minecraft:stone_pickaxe":1,"minecraft:redstone_block":7,"minecraft:wheat":36,"minecraft:cooked_porkchop":18,"minecraft:crafting_table":2,"minecraft:wooden_pickaxe":1,"minecraft:iron_helmet":1,"minecraft:iron_sword":1,"minecraft:copper_ingot":19,"epicfight:iron_longsword":1,"minecraft:stone_axe":1,"minecraft:air":0,"ironfurnaces:copper_furnace":3,"justhammers:iron_hammer":2,"minecraft:iron_chestplate":2,"minecraft:charcoal":98,"minecraft:stick":28,"minecraft:iron_pickaxe":1,"minecraft:iron_ingot":82,"minecraft:wooden_axe":1,"minecraft:stone_sword":1,"minecraft:iron_leggings":2,"minecraft:gold_ingot":39,"minecraft:acacia_planks":32,"minecraft:torch":92},"minecraft:dropped":{"minecraft:iron_ingot":4,"minecraft:wheat_seeds":1,"minecraft:cooked_beef":12,"minecraft:mossy_cobblestone":2,"minecraft:dripstone_block":3,"minecraft:feather":4,"minecraft:cobblestone":77,"minecraft:black_bed":1,"minecraft:amethyst_block":64,"minecraft:flint":1,"epicfight:iron_longsword":1,"minecraft:diorite":1,"minecraft:torch":10,"minecraft:gray_bed":1,"minecraft:wooden_sword":3,"minecraft:paper":21,"minecraft:redstone":5,"minecraft:cobbled_deepslate":535,"minecraft:raw_copper":42,"alexscaves:cave_tablet":3,"minecraft:tuff":480,"minecraft:pointed_dripstone":3,"minecraft:rotten_flesh":10,"minecraft:iron_boots":1,"alexscaves:cave_codex":1,"minecraft:stripped_oak_log":1,"minecraft:cooked_mutton":7,"justhammers:iron_hammer":2,"alexscaves:cave_book":1,"minecraft:iron_chestplate":1,"minecraft:charcoal":31,"minecraft:andesite":17,"minecraft:golden_leggings":1,"minecraft:oak_sapling":4,"minecraft:acacia_sapling":32,"minecraft:spider_eye":2,"minecraft:raw_gold":1,"minecraft:magma_block":1,"epicfight:skillbook":3,"minecraft:egg":2},"minecraft:killed_by":{"minecraft:creeper":1,"minecraft:skeleton":6}},"DataVersion":3465}