{"stats":{"minecraft:picked_up":{"minecraft:charcoal":21,"minecraft:crafting_table":3,"minecraft:feather":2,"minecraft:cooked_beef":12,"minecraft:chicken":1,"minecraft:andesite":16,"minecraft:leather":2,"minecraft:golden_leggings":1,"minecraft:pink_wool":1,"minecraft:flint":1,"alexscaves:cave_book":1,"minecraft:tuff":388,"minecraft:oak_log":11,"minecraft:lapis_lazuli":28,"minecraft:dirt":3,"minecraft:string":19,"minecraft:raw_copper":26,"minecraft:wooden_sword":1,"minecraft:cooked_mutton":3,"minecraft:bone":6,"minecraft:acacia_planks":3,"minecraft:wheat_seeds":2,"minecraft:cobbled_deepslate":829,"minecraft:raw_gold":1,"minecraft:beef":6,"minecraft:acacia_sapling":32,"minecraft:egg":2,"minecraft:furnace":3,"minecraft:raw_iron":42,"minecraft:stick":16,"minecraft:pumpkin":9,"minecraft:torch":5,"minecraft:acacia_log":82,"minecraft:dripstone_block":3,"minecraft:gravel":15,"minecraft:porkchop":18,"minecraft:spider_eye":1,"minecraft:pointed_dripstone":3,"minecraft:diorite":1,"minecraft:redstone":27,"minecraft:mossy_cobblestone":2,"minecraft:arrow":3,"minecraft:tnt":1,"minecraft:rotten_flesh":2,"minecraft:diamond":4,"alexscaves:spelunkery_table":1,"minecraft:oak_sapling":4,"minecraft:coal":9,"minecraft:mutton":7,"minecraft:white_wool":1,"minecraft:cobblestone":101},"minecraft:mined":{"alexscaves:spelunkery_table":1,"minecraft:tuff":22,"minecraft:mossy_cobblestone":2,"minecraft:crafting_table":3,"minecraft:torch":1,"minecraft:acacia_log":88,"minecraft:grass_block":1,"minecraft:copper_ore":1,"minecraft:tall_grass":2,"minecraft:cobblestone":2,"minecraft:wall_torch":2,"minecraft:deepslate_copper_ore":5,"minecraft:furnace":3,"minecraft:cobbled_deepslate":1,"minecraft:iron_ore":7,"minecraft:andesite":8,"minecraft:pumpkin":10,"minecraft:tnt":1,"minecraft:deepslate_lapis_ore":2,"minecraft:pointed_dripstone":3,"minecraft:grass":14,"minecraft:coal_ore":10,"minecraft:oak_log":11,"minecraft:deepslate_iron_ore":19,"minecraft:gravel":4,"minecraft:dirt":3,"minecraft:cobweb":14,"minecraft:acacia_planks":3,"minecraft:stone":89,"minecraft:deepslate":31},"minecraft:killed":{"minecraft:cave_spider":4,"minecraft:pig":8,"minecraft:spider":1,"minecraft:creeper":3,"minecraft:sheep":2,"minecraft:skeleton":4,"minecraft:zombie":4,"minecraft:chicken":1,"minecraft:cow":3},"minecraft:custom":{"minecraft:interact_with_furnace":51,"minecraft:mob_kills":30,"minecraft:interact_with_crafting_table":14,"minecraft:open_barrel":1,"minecraft:interact_with_loom":1,"minecraft:time_since_death":12902,"minecraft:time_since_rest":11452,"minecraft:sprint_one_cm":151683,"minecraft:damage_taken":1742,"minecraft:walk_one_cm":475850,"minecraft:drop":70,"minecraft:damage_dealt":4946,"minecraft:damage_dealt_absorbed":127,"minecraft:fly_one_cm":158569,"minecraft:player_kills":3,"minecraft:open_chest":1,"minecraft:crouch_one_cm":3830,"minecraft:play_time":62889,"tombstone:undead_killed":8,"minecraft:deaths":5,"minecraft:sneak_time":490,"minecraft:walk_under_water_one_cm":1260,"minecraft:jump":710,"minecraft:walk_on_water_one_cm":3371,"minecraft:total_world_time":62889,"minecraft:fall_one_cm":18468},"minecraft:used":{"minecraft:stone_sword":89,"minecraft:stone_pickaxe":131,"minecraft:wooden_pickaxe":59,"minecraft:torch":41,"minecraft:dirt":3,"minecraft:crafting_table":5,"alexscaves:cave_book":2,"minecraft:tuff":9,"justhammers:iron_hammer":144,"minecraft:wooden_axe":57,"minecraft:iron_pickaxe":18,"minecraft:stone_axe":66,"minecraft:wooden_sword":34,"minecraft:furnace":6,"minecraft:cooked_porkchop":9,"tombstone:gift":1,"minecraft:cobbled_deepslate":17,"minecraft:acacia_planks":7,"minecraft:pointed_dripstone":1},"minecraft:broken":{"minecraft:stone_pickaxe":1,"minecraft:wooden_axe":1,"minecraft:wooden_pickaxe":1},"minecraft:crafted":{"minecraft:wooden_sword":2,"minecraft:oak_planks":8,"minecraft:cooked_porkchop":18,"minecraft:crafting_table":2,"minecraft:wooden_pickaxe":1,"minecraft:furnace":3,"minecraft:stone_axe":1,"minecraft:cooked_mutton":4,"minecraft:air":0,"justhammers:iron_hammer":2,"minecraft:charcoal":28,"minecraft:iron_pickaxe":1,"minecraft:stick":20,"minecraft:iron_ingot":18,"minecraft:stone_pickaxe":1,"minecraft:wooden_axe":1,"minecraft:stone_sword":1,"minecraft:acacia_planks":32,"minecraft:torch":36},"minecraft:dropped":{"minecraft:iron_ingot":4,"minecraft:wheat_seeds":1,"minecraft:cooked_beef":6,"minecraft:cobbled_deepslate":474,"minecraft:raw_copper":26,"minecraft:mossy_cobblestone":2,"minecraft:dripstone_block":3,"alexscaves:cave_tablet":1,"minecraft:tuff":379,"minecraft:pointed_dripstone":2,"minecraft:rotten_flesh":1,"minecraft:feather":2,"minecraft:cobblestone":74,"alexscaves:cave_book":1,"minecraft:diorite":1,"minecraft:spider_eye":1,"minecraft:andesite":16,"minecraft:acacia_sapling":32,"minecraft:oak_sapling":4,"minecraft:wooden_sword":3,"minecraft:raw_gold":1,"minecraft:egg":2},"minecraft:killed_by":{"minecraft:skeleton":5}},"DataVersion":3465}