{"stats":{"minecraft:dropped":{"minecraft:cooked_beef":12,"minecraft:dark_oak_sapling":42,"minecraft:crossbow":1,"minecraft:weeping_vines":2,"relics:infinity_ham":1,"minecraft:black_bed":2,"minecraft:saddle":1,"travelersbackpack:standard":5,"minecraft:flint":1,"minecraft:dirt":16,"minecraft:dark_oak_log":118,"relics:leather_belt":2,"minecraft:mutton":3,"minecraft:wooden_sword":3,"minecraft:sand":351,"minecraft:dark_oak_planks":64,"minecraft:white_wool":8,"minecraft:gold_ingot":36,"minecraft:armor_stand":1,"minecraft:gravel":2,"wom:golden_monocle":1,"minecraft:stone_axe":1,"minecraft:cobbled_deepslate":923,"relics:drowned_belt":1,"alexscaves:cave_tablet":3,"minecraft:pointed_dripstone":3,"minecraft:rotten_flesh":56,"minecraft:oak_planks":3,"minecraft:cooked_mutton":7,"justhammers:iron_hammer":3,"minecraft:azure_bluet":1,"minecraft:salmon":2,"minecraft:poppy":3,"alexscaves:cave_book":1,"minecraft:charcoal":31,"minecraft:acacia_sapling":36,"minecraft:painting":1,"minecraft:arrow":40,"minecraft:enchanted_book":1,"minecraft:netherrack":5,"minecraft:egg":2,"minecraft:iron_ingot":34,"epicfight:diamond_greatsword":1,"minecraft:wheat_seeds":587,"minecraft:mossy_cobblestone":42,"minecraft:dripstone_block":3,"minecraft:feather":4,"minecraft:oak_fence":3,"minecraft:cobblestone":213,"minecraft:amethyst_block":64,"minecraft:granite":16,"minecraft:stick":40,"epicfight:iron_longsword":1,"relics:roller_skates":1,"minecraft:diorite":14,"tombstone:magic_scroll":3,"minecraft:torch":11,"tombstone:grave_key":2,"minecraft:gray_bed":1,"minecraft:wooden_axe":1,"epicfight:iron_greatsword":1,"minecraft:potion":1,"minecraft:iron_leggings":1,"minecraft:white_banner":4,"minecraft:iron_axe":2,"minecraft:paper":21,"minecraft:string":5,"minecraft:bucket":1,"minecraft:redstone":5,"minecraft:kelp":5,"minecraft:raw_copper":58,"minecraft:tuff":626,"minecraft:stone_shovel":2,"epicfight:diamond_tachi":1,"minecraft:iron_boots":2,"alexscaves:cave_codex":1,"minecraft:stripped_oak_log":1,"minecraft:glass_pane":16,"minecraft:target":1,"minecraft:filled_map":6,"minecraft:iron_chestplate":2,"minecraft:andesite":25,"minecraft:golden_leggings":1,"minecraft:oak_sapling":24,"minecraft:carved_pumpkin":1,"minecraft:spider_eye":2,"minecraft:spruce_log":15,"minecraft:sandstone":54,"relics:arrow_quiver":1,"minecraft:wooden_pickaxe":1,"minecraft:raw_gold":1,"minecraft:magma_block":1,"epicfight:skillbook":10},"minecraft:killed":{"minecraft:cave_spider":5,"minecraft:witch":6,"minecraft:spider":8,"minecraft:skeleton":25,"minecraft:chicken":2,"minecraft:pig":44,"minecraft:creeper":19,"minecraft:sheep":5,"minecraft:trader_llama":2,"minecraft:pillager":31,"minecraft:zombie":152,"minecraft:cow":77,"minecraft:evoker":7,"minecraft:vindicator":16,"minecraft:horse":3,"ninjacraft:master":1,"minecraft:drowned":3,"minecraft:bat":1,"minecraft:wandering_trader":1,"minecraft:ravager":4},"minecraft:killed_by":{"minecraft:evoker":1,"minecraft:creeper":1,"minecraft:vindicator":1,"ninjacraft:master":6,"minecraft:cave_spider":1,"minecraft:vex":4,"minecraft:player":1,"minecraft:enderman":1,"minecraft:iron_golem":1,"minecraft:skeleton":6},"minecraft:crafted":{"minecraft:oak_planks":96,"travelersbackpack:crafting_upgrade":3,"minecraft:melon":19,"minecraft:cooked_chicken":0,"ironfurnaces:iron_furnace":3,"minecraft:stone":0,"minecraft:cooked_mutton":8,"minecraft:glass":23,"minecraft:diamond_helmet":1,"minecraft:bow":1,"minecraft:diamond_leggings":1,"minecraft:iron_boots":3,"minecraft:chest":20,"minecraft:glass_bottle":3,"minecraft:item_frame":2,"minecraft:oak_slab":6,"travelersbackpack:iron_tier_upgrade":2,"minecraft:emerald":123,"minecraft:cooked_porkchop":32,"minecraft:crafting_table":7,"travelersbackpack:standard":7,"minecraft:iron_helmet":1,"minecraft:wooden_pickaxe":1,"minecraft:red_wool":2,"minecraft:copper_ingot":19,"minecraft:gold_block":1,"epicfight:iron_longsword":1,"minecraft:hay_block":36,"minecraft:apple":32,"minecraft:chiseled_deepslate":1,"minecraft:iron_chestplate":3,"minecraft:charcoal":98,"minecraft:shield":1,"minecraft:stick":1916,"minecraft:iron_ingot":82,"minecraft:iron_pickaxe":3,"minecraft:stone_sword":1,"minecraft:gold_ingot":48,"epicfight:diamond_tachi":1,"minecraft:deepslate_bricks":1,"minecraft:shears":1,"minecraft:golden_carrot":21,"minecraft:wooden_sword":2,"minecraft:raw_iron":9,"minecraft:stone_shovel":9,"wom:stone_staff":1,"minecraft:furnace":3,"minecraft:bone_meal":15,"travelersbackpack:blank_upgrade":12,"travelersbackpack:gold_tier_upgrade":1,"minecraft:glass_pane":16,"travelersbackpack:white_sleeping_bag":3,"minecraft:iron_axe":3,"relics:researching_table":1,"minecraft:stone_pickaxe":1,"epicfight:iron_greatsword":1,"minecraft:diamond_boots":1,"minecraft:redstone_block":7,"minecraft:dark_oak_planks":808,"minecraft:wheat":1080,"minecraft:cooked_beef":38,"minecraft:red_dye":2,"minecraft:crossbow":2,"minecraft:diamond_sword":1,"minecraft:dark_oak_stairs":16,"travelersbackpack:backpack_tank":12,"minecraft:iron_sword":1,"minecraft:bucket":2,"minecraft:deepslate_tiles":1,"minecraft:stone_axe":4,"minecraft:glowstone":1,"minecraft:bread":42,"minecraft:air":0,"ironfurnaces:copper_furnace":3,"minecraft:oak_boat":3,"justhammers:iron_hammer":6,"minecraft:white_wool":8,"minecraft:golden_apple":5,"minecraft:wooden_axe":4,"minecraft:iron_leggings":3,"minecraft:acacia_planks":1068,"minecraft:torch":92,"ironchest:iron_chest":4,"minecraft:diamond_chestplate":1},"minecraft:picked_up":{"minecraft:chiseled_deepslate":1,"minecraft:wheat":700,"minecraft:lead":3,"minecraft:smithing_table":2,"alexscaves:cave_tablet":9,"minecraft:brown_bed":1,"minecraft:potion":1,"minecraft:enchanted_book":12,"minecraft:stone_brick_stairs":1,"tombstone:grave_key":2,"minecraft:brewing_stand":2,"minecraft:music_disc_cat":1,"minecraft:amethyst_block":64,"paraglider:goddess_statue":1,"minecraft:string":45,"minecraft:raw_copper":52,"minecraft:armor_stand":2,"minecraft:experience_bottle":7,"minecraft:deepslate_tiles":1,"minecraft:cobbled_deepslate":2143,"bosses_of_mass_destruction:soul_star":4,"minecraft:iron_pickaxe":1,"minecraft:melon_slice":190,"minecraft:furnace":6,"minecraft:beehive":1,"minecraft:stick":145,"wom:golden_monocle":1,"minecraft:composter":6,"minecraft:oak_fence":3,"minecraft:torch":144,"minecraft:acacia_log":378,"epicfight:diamond_greatsword":1,"epicfight:skillbook":29,"minecraft:porkchop":109,"minecraft:target":1,"minecraft:diorite":15,"minecraft:pointed_dripstone":4,"tombstone:grave_dust":44,"tombstone:tablet_of_cupidity":1,"minecraft:cauldron":2,"minecraft:brown_carpet":1,"minecraft:orange_bed":5,"minecraft:rotten_flesh":239,"minecraft:carved_pumpkin":1,"relics:aqua_walker":1,"minecraft:leather_horse_armor":1,"minecraft:cobblestone":461,"minecraft:nautilus_shell":1,"minecraft:birch_log":4,"relics:roller_skates":2,"minecraft:magma_block":3,"minecraft:feather":7,"minecraft:cooked_beef":12,"minecraft:andesite":37,"minecraft:orange_carpet":5,"minecraft:black_bed":9,"minecraft:potato":3,"minecraft:golden_leggings":1,"minecraft:smoker":1,"alexscaves:cave_book":1,"minecraft:flint":9,"minecraft:tuff":637,"relics:jellyfish_necklace":1,"minecraft:lapis_lazuli":76,"minecraft:dirt":889,"minecraft:lantern":2,"minecraft:name_tag":1,"ninjacraft:katana":1,"minecraft:bone":26,"minecraft:glass":97,"minecraft:acacia_planks":8,"minecraft:stonecutter":1,"minecraft:bow":3,"minecraft:wheat_seeds":1923,"minecraft:raw_gold":82,"minecraft:fletching_table":7,"minecraft:glowstone_dust":9,"ironfurnaces:iron_furnace":7,"minecraft:oak_planks":1,"minecraft:sand":679,"minecraft:acacia_stairs":1,"minecraft:grass_block":1,"minecraft:dark_oak_log":349,"minecraft:mossy_cobblestone":42,"minecraft:sugar":5,"minecraft:diamond":51,"waystones:waystone":1,"minecraft:crossbow":5,"minecraft:granite":16,"minecraft:bone_meal":8,"relics:researching_table":1,"minecraft:golden_apple":2,"minecraft:spruce_sign":2,"minecraft:emerald":19,"minecraft:netherrack":5,"minecraft:oak_sapling":108,"minecraft:dark_oak_fence":4,"minecraft:fishing_rod":2,"minecraft:charcoal":52,"minecraft:crafting_table":6,"minecraft:azure_bluet":1,"minecraft:chicken":2,"minecraft:leather_leggings":1,"minecraft:brown_mushroom":2,"minecraft:wooden_pickaxe":1,"minecraft:pink_wool":1,"minecraft:gold_block":1,"paraglider:heart_container":1,"minecraft:shield":1,"relics:leather_belt":1,"minecraft:iron_axe":2,"minecraft:wooden_sword":1,"minecraft:item_frame":14,"minecraft:iron_shovel":1,"minecraft:beef":197,"minecraft:oak_boat":5,"minecraft:player_head":2,"minecraft:poppy":6,"minecraft:spruce_slab":2,"minecraft:light_gray_wool":3,"minecraft:chest":15,"minecraft:sugar_cane":76,"minecraft:birch_sapling":1,"minecraft:phantom_membrane":1,"relics:drowned_belt":1,"minecraft:egg":10,"minecraft:dark_oak_sapling":42,"minecraft:raw_iron":256,"minecraft:sandstone":54,"minecraft:copper_ingot":11,"ironchest:iron_chest":4,"minecraft:stone_button":1,"minecraft:carrot":2,"minecraft:redstone":106,"minecraft:dark_oak_planks":120,"minecraft:tnt":4,"minecraft:weeping_vines":4,"minecraft:arrow":121,"minecraft:stone_shovel":2,"minecraft:jungle_stairs":1,"minecraft:deepslate_bricks":85,"relics:arrow_quiver":2,"minecraft:hay_block":84,"alexscaves:spelunkery_table":2,"artifacts:cross_necklace":1,"tombstone:essence_of_undeath":2,"minecraft:totem_of_undying":5,"minecraft:saddle":3,"minecraft:gold_ingot":5,"paraglider:horned_statue":1,"minecraft:glow_berries":3,"minecraft:mutton":21,"minecraft:white_wool":18,"minecraft:stripped_oak_log":3,"minecraft:salmon":3,"minecraft:leather":127,"minecraft:filled_map":2,"minecraft:oak_log":232,"minecraft:golden_boots":1,"minecraft:gunpowder":17,"minecraft:white_banner":5,"minecraft:cooked_mutton":5,"minecraft:apple":8,"minecraft:stone_bricks":2,"minecraft:kelp":181,"minecraft:iron_ingot":38,"relics:infinity_ham":5,"minecraft:glass_bottle":2,"minecraft:dark_oak_stairs":10,"minecraft:gray_bed":1,"minecraft:acacia_sapling":107,"wom:golden_chrono":1,"minecraft:book":165,"minecraft:scaffolding":2,"minecraft:pumpkin":38,"minecraft:dandelion":1,"minecraft:raw_iron_block":1,"minecraft:dripstone_block":3,"minecraft:gravel":20,"minecraft:amethyst_shard":4,"minecraft:blast_furnace":1,"minecraft:spruce_log":15,"minecraft:spider_eye":3,"travelersbackpack:standard":3,"epicfight:diamond_tachi":1,"minecraft:slime_ball":2,"ironfurnaces:copper_furnace":11,"minecraft:painting":1,"alexscaves:cave_map":2,"minecraft:baked_potato":1,"tombstone:magic_scroll":7,"minecraft:melon_seeds":4,"minecraft:black_wool":2,"minecraft:stripped_dark_oak_log":47,"minecraft:coal":176,"minecraft:ender_pearl":2},"minecraft:mined":{"minecraft:dark_oak_planks":56,"minecraft:large_amethyst_bud":1,"minecraft:attached_melon_stem":1,"minecraft:brewing_stand":2,"minecraft:carved_pumpkin":1,"minecraft:granite":16,"minecraft:acacia_log":410,"minecraft:grass_block":444,"minecraft:deepslate_bricks":36,"minecraft:composter":6,"minecraft:magma_block":3,"minecraft:glowstone":2,"minecraft:iron_ore":59,"minecraft:cobbled_deepslate":22,"minecraft:target":1,"minecraft:pumpkin":39,"minecraft:fletching_table":7,"minecraft:deepslate_lapis_ore":3,"minecraft:dark_oak_stairs":11,"minecraft:brown_bed":1,"minecraft:pointed_dripstone":3,"minecraft:water_cauldron":1,"minecraft:dirt_path":9,"minecraft:player_head":1,"minecraft:spruce_slab":5,"minecraft:deepslate_redstone_ore":4,"minecraft:tripwire":1,"minecraft:orange_bed":5,"minecraft:kelp_plant":1,"minecraft:melon_stem":1,"minecraft:smoker":1,"minecraft:medium_amethyst_bud":1,"ironfurnaces:iron_furnace":7,"ironfurnaces:copper_furnace":9,"minecraft:torch":69,"minecraft:jungle_stairs":1,"minecraft:blast_furnace":1,"minecraft:poppy":2,"minecraft:melon":38,"minecraft:chest":15,"minecraft:mushroom_stem":4,"minecraft:spruce_wall_sign":3,"minecraft:cobblestone":8,"minecraft:sugar_cane":35,"minecraft:oak_planks":1,"minecraft:wall_torch":8,"minecraft:cauldron":1,"minecraft:deepslate_copper_ore":5,"paraglider:horned_statue":1,"minecraft:birch_log":5,"minecraft:wheat":654,"minecraft:tnt":4,"minecraft:black_bed":7,"minecraft:stone_brick_stairs":1,"minecraft:grass":108,"minecraft:oak_log":259,"minecraft:dark_oak_sapling":2,"minecraft:sand":486,"minecraft:dirt":414,"minecraft:stonecutter":1,"minecraft:netherrack":5,"minecraft:oak_leaves":20,"minecraft:deepslate":153,"minecraft:deepslate_tiles":1,"alexscaves:spelunkery_table":1,"minecraft:tuff":25,"minecraft:deepslate_diamond_ore":5,"minecraft:mossy_cobblestone":5,"minecraft:dark_oak_leaves":25,"minecraft:dark_oak_log":290,"minecraft:dark_oak_fence":12,"minecraft:brown_mushroom_block":7,"minecraft:sandstone":18,"minecraft:hay_block":86,"minecraft:furnace":6,"minecraft:acacia_stairs":1,"minecraft:andesite":28,"minecraft:chiseled_deepslate":1,"minecraft:gold_block":1,"minecraft:bookshelf":54,"minecraft:deepslate_iron_ore":74,"ironchest:iron_chest":4,"minecraft:stripped_oak_log":3,"minecraft:stone":328,"minecraft:white_wool":5,"minecraft:smithing_table":1,"minecraft:scaffolding":2,"minecraft:stripped_dark_oak_log":50,"minecraft:brown_carpet":1,"relics:researching_table":1,"minecraft:dandelion":1,"minecraft:oak_fence":3,"minecraft:crafting_table":6,"minecraft:tall_grass":21,"minecraft:copper_ore":7,"minecraft:lapis_ore":5,"minecraft:deepslate_gold_ore":23,"minecraft:diorite":17,"minecraft:orange_carpet":5,"minecraft:beehive":1,"minecraft:spruce_log":12,"minecraft:gray_bed":1,"minecraft:coal_ore":115,"minecraft:gravel":9,"minecraft:cobweb":29,"minecraft:acacia_planks":8,"minecraft:stone_bricks":2,"paraglider:goddess_statue":1},"minecraft:used":{"minecraft:chiseled_deepslate":1,"minecraft:melon":1,"minecraft:spruce_slab":2,"minecraft:poppy":1,"minecraft:chest":25,"minecraft:shield":8,"ninjacraft:katana":36,"minecraft:player_head":2,"paraglider:goddess_statue":1,"minecraft:carrot":9,"ironchest:iron_chest":8,"minecraft:acacia_sapling":6,"minecraft:tuff":10,"minecraft:beehive":1,"minecraft:glass":20,"minecraft:lantern":2,"minecraft:grass_block":1,"minecraft:stone_bricks":2,"minecraft:stone_brick_stairs":1,"minecraft:item_frame":16,"ironfurnaces:iron_furnace":10,"minecraft:magma_block":2,"minecraft:brown_carpet":1,"minecraft:bow":95,"minecraft:scaffolding":2,"minecraft:oak_sapling":1,"minecraft:furnace":6,"minecraft:egg":2,"minecraft:dark_oak_stairs":26,"epicfight:skillbook":28,"minecraft:diorite":1,"relics:researching_table":2,"minecraft:stone_pickaxe":131,"minecraft:wooden_pickaxe":102,"epicfight:iron_longsword":1,"minecraft:composter":5,"minecraft:sugar_cane":3,"minecraft:white_wool":1,"minecraft:glow_berries":6,"minecraft:sand":10,"alexscaves:cave_book":2,"minecraft:crossbow":5,"minecraft:black_bed":6,"minecraft:deepslate_tiles":1,"waystones:waystone":1,"minecraft:dark_oak_log":34,"minecraft:string":1,"minecraft:melon_slice":19,"minecraft:bread":37,"minecraft:stone_button":1,"minecraft:gravel":2,"minecraft:wooden_sword":34,"minecraft:smithing_table":2,"minecraft:dark_oak_fence":4,"minecraft:andesite":12,"minecraft:oak_boat":7,"minecraft:bone_meal":11,"minecraft:experience_bottle":1,"ironfurnaces:copper_furnace":11,"minecraft:stone_sword":108,"minecraft:acacia_log":1,"minecraft:armor_stand":1,"minecraft:stone_shovel":1082,"minecraft:cooked_salmon":5,"minecraft:cooked_chicken":1,"minecraft:orange_bed":5,"minecraft:torch":225,"minecraft:brewing_stand":2,"minecraft:dirt":141,"wom:stone_staff":325,"paraglider:horned_statue":1,"minecraft:dark_oak_planks":759,"minecraft:wooden_axe":201,"minecraft:iron_axe":821,"epicfight:diamond_tachi":557,"minecraft:totem_of_undying":5,"alexscaves:spelunkery_table":2,"tombstone:gift":13,"minecraft:cooked_beef":72,"minecraft:cobbled_deepslate":116,"minecraft:acacia_planks":65,"minecraft:pointed_dripstone":1,"minecraft:brown_bed":1,"minecraft:iron_leggings":2,"minecraft:wheat_seeds":874,"minecraft:water_bucket":10,"minecraft:glass_bottle":3,"minecraft:baked_potato":1,"minecraft:cauldron":2,"minecraft:spruce_sign":2,"minecraft:stonecutter":1,"minecraft:fletching_table":7,"minecraft:deepslate_bricks":329,"minecraft:orange_carpet":3,"minecraft:stripped_dark_oak_log":42,"minecraft:crafting_table":10,"justhammers:iron_hammer":368,"minecraft:smoker":1,"minecraft:diamond_pickaxe":34,"minecraft:apple":3,"minecraft:acacia_stairs":1,"minecraft:iron_pickaxe":771,"minecraft:jungle_stairs":1,"minecraft:stone_axe":459,"minecraft:fishing_rod":1,"minecraft:cobblestone":34,"travelersbackpack:standard":21,"minecraft:white_banner":1,"minecraft:cooked_porkchop":19,"minecraft:bucket":15,"minecraft:dandelion":1,"minecraft:diamond_leggings":2},"minecraft:custom":{"minecraft:animals_bred":10,"minecraft:interact_with_crafting_table":96,"minecraft:open_barrel":7,"minecraft:bell_ring":12,"minecraft:eat_cake_slice":5,"minecraft:leave_game":3,"minecraft:time_since_death":500752,"minecraft:sprint_one_cm":3183157,"minecraft:damage_blocked_by_shield":855,"minecraft:drop":395,"minecraft:talked_to_villager":52,"minecraft:play_time":862381,"minecraft:deaths":23,"minecraft:jump":11075,"minecraft:interact_with_brewingstand":2,"minecraft:walk_on_water_one_cm":138200,"minecraft:interact_with_furnace":178,"minecraft:traded_with_villager":139,"minecraft:interact_with_loom":11,"minecraft:sleep_in_bed":34,"minecraft:waystone_activated":8,"minecraft:damage_dealt":63103,"minecraft:player_kills":4,"minecraft:crouch_one_cm":98744,"tombstone:undead_killed":180,"tombstone:villager_killed":1,"minecraft:interact_with_smoker":12,"minecraft:use_cauldron":3,"minecraft:inspect_dispenser":1,"minecraft:horse_one_cm":31108,"minecraft:interact_with_smithing_table":15,"minecraft:interact_with_anvil":1,"minecraft:mob_kills":419,"minecraft:fill_cauldron":1,"minecraft:climb_one_cm":13097,"minecraft:walk_one_cm":5720003,"minecraft:damage_dealt_absorbed":2051,"minecraft:raid_win":1,"minecraft:sneak_time":18184,"minecraft:walk_under_water_one_cm":120738,"minecraft:boat_one_cm":20,"minecraft:interact_with_blast_furnace":1,"minecraft:total_world_time":862381,"tombstone:raider_killed":64,"minecraft:raid_trigger":1,"minecraft:interact_with_grindstone":1,"minecraft:interact_with_stonecutter":2,"minecraft:time_since_rest":69158,"minecraft:damage_taken":20129,"minecraft:damage_absorbed":136,"minecraft:swim_one_cm":157097,"minecraft:fly_one_cm":3855551,"minecraft:open_chest":366,"minecraft:fall_one_cm":282576},"minecraft:broken":{"wom:stone_staff":1,"minecraft:diamond_helmet":1,"minecraft:iron_boots":1,"minecraft:stone_pickaxe":1,"minecraft:diamond_boots":1,"minecraft:stone_axe":3,"minecraft:wooden_axe":3,"minecraft:stone_shovel":8,"minecraft:stone_sword":1,"minecraft:wooden_pickaxe":1,"minecraft:iron_axe":3,"minecraft:iron_pickaxe":4}},"DataVersion":3465}