{"stats":{"minecraft:picked_up":{"minecraft:charcoal":21,"minecraft:crafting_table":3,"minecraft:chicken":1,"alexscaves:cave_tablet":8,"minecraft:pink_wool":1,"minecraft:string":20,"minecraft:raw_copper":26,"minecraft:wooden_sword":1,"minecraft:cobbled_deepslate":915,"minecraft:beef":6,"minecraft:furnace":3,"minecraft:egg":2,"minecraft:stick":16,"minecraft:raw_iron":73,"minecraft:torch":5,"minecraft:acacia_log":82,"minecraft:porkchop":18,"minecraft:pointed_dripstone":3,"minecraft:diorite":1,"minecraft:redstone":27,"minecraft:tnt":1,"minecraft:arrow":3,"minecraft:rotten_flesh":4,"alexscaves:spelunkery_table":1,"minecraft:mutton":7,"minecraft:cobblestone":149,"minecraft:white_wool":1,"minecraft:feather":2,"minecraft:cooked_beef":12,"minecraft:andesite":16,"minecraft:leather":2,"minecraft:golden_leggings":1,"alexscaves:cave_book":1,"minecraft:flint":1,"minecraft:tuff":489,"minecraft:oak_log":11,"minecraft:lapis_lazuli":28,"minecraft:dirt":3,"minecraft:cooked_mutton":3,"minecraft:bone":6,"minecraft:acacia_planks":3,"minecraft:wheat_seeds":2,"minecraft:raw_gold":15,"minecraft:iron_ingot":6,"minecraft:acacia_sapling":32,"minecraft:pumpkin":9,"minecraft:dripstone_block":3,"minecraft:gravel":15,"minecraft:spider_eye":1,"minecraft:mossy_cobblestone":2,"minecraft:diamond":4,"minecraft:oak_sapling":4,"minecraft:coal":9},"minecraft:mined":{"alexscaves:spelunkery_table":1,"minecraft:tuff":22,"minecraft:mossy_cobblestone":2,"minecraft:acacia_log":88,"minecraft:grass_block":1,"minecraft:furnace":3,"minecraft:iron_ore":15,"minecraft:cobbled_deepslate":1,"minecraft:andesite":8,"minecraft:pumpkin":10,"minecraft:deepslate_lapis_ore":2,"minecraft:pointed_dripstone":3,"minecraft:deepslate_iron_ore":35,"minecraft:stone":93,"minecraft:crafting_table":3,"minecraft:torch":1,"minecraft:tall_grass":2,"minecraft:copper_ore":1,"minecraft:cobblestone":2,"minecraft:deepslate_gold_ore":14,"minecraft:wall_torch":2,"minecraft:deepslate_copper_ore":5,"minecraft:tnt":1,"minecraft:grass":14,"minecraft:oak_log":11,"minecraft:coal_ore":10,"minecraft:gravel":4,"minecraft:dirt":3,"minecraft:cobweb":14,"minecraft:acacia_planks":3,"minecraft:deepslate":58},"minecraft:killed":{"minecraft:cave_spider":5,"minecraft:spider":1,"minecraft:skeleton":5,"minecraft:chicken":1,"minecraft:pig":8,"minecraft:creeper":3,"minecraft:sheep":2,"minecraft:zombie":5,"minecraft:cow":3},"minecraft:custom":{"minecraft:mob_kills":33,"minecraft:interact_with_crafting_table":28,"minecraft:open_barrel":1,"minecraft:time_since_death":5211,"minecraft:sprint_one_cm":200799,"minecraft:walk_one_cm":601706,"minecraft:drop":91,"minecraft:damage_dealt_absorbed":127,"minecraft:play_time":86889,"minecraft:deaths":6,"minecraft:sneak_time":1581,"minecraft:walk_under_water_one_cm":3928,"minecraft:jump":1011,"minecraft:walk_on_water_one_cm":16651,"minecraft:total_world_time":86889,"minecraft:interact_with_furnace":70,"minecraft:interact_with_loom":4,"minecraft:time_since_rest":4469,"minecraft:damage_taken":2139,"minecraft:damage_dealt":5490,"minecraft:player_kills":3,"minecraft:fly_one_cm":227700,"minecraft:open_chest":8,"minecraft:crouch_one_cm":10297,"tombstone:undead_killed":10,"minecraft:fall_one_cm":31294},"minecraft:used":{"minecraft:stone_sword":96,"minecraft:torch":55,"minecraft:dirt":3,"wom:stone_staff":19,"minecraft:tuff":9,"minecraft:wooden_axe":57,"alexscaves:spelunkery_table":1,"minecraft:furnace":6,"tombstone:gift":1,"minecraft:acacia_planks":7,"minecraft:cobbled_deepslate":42,"minecraft:pointed_dripstone":1,"minecraft:stone_pickaxe":131,"minecraft:wooden_pickaxe":59,"epicfight:iron_longsword":1,"minecraft:crafting_table":5,"alexscaves:cave_book":2,"justhammers:iron_hammer":164,"minecraft:iron_pickaxe":87,"minecraft:stone_axe":66,"minecraft:wooden_sword":34,"minecraft:cobblestone":8,"minecraft:cooked_porkchop":10},"minecraft:broken":{"minecraft:wooden_pickaxe":1,"minecraft:stone_pickaxe":1,"minecraft:wooden_axe":1},"minecraft:crafted":{"minecraft:wooden_sword":2,"minecraft:oak_planks":8,"wom:stone_staff":1,"minecraft:furnace":3,"minecraft:cooked_mutton":4,"minecraft:iron_boots":2,"minecraft:stone_pickaxe":1,"minecraft:cooked_porkchop":18,"minecraft:crafting_table":2,"minecraft:wooden_pickaxe":1,"minecraft:iron_helmet":1,"minecraft:iron_sword":1,"epicfight:iron_longsword":1,"minecraft:stone_axe":1,"minecraft:air":0,"justhammers:iron_hammer":2,"minecraft:iron_chestplate":2,"minecraft:charcoal":29,"minecraft:stick":20,"minecraft:iron_ingot":53,"minecraft:iron_pickaxe":1,"minecraft:wooden_axe":1,"minecraft:stone_sword":1,"minecraft:gold_ingot":22,"minecraft:iron_leggings":1,"minecraft:acacia_planks":32,"minecraft:torch":60},"minecraft:dropped":{"minecraft:iron_ingot":4,"minecraft:wheat_seeds":1,"minecraft:cooked_beef":12,"minecraft:mossy_cobblestone":2,"minecraft:dripstone_block":3,"minecraft:feather":2,"minecraft:cobblestone":74,"epicfight:iron_longsword":1,"minecraft:diorite":1,"minecraft:torch":10,"minecraft:wooden_sword":3,"minecraft:paper":1,"minecraft:cobbled_deepslate":474,"minecraft:raw_copper":26,"alexscaves:cave_tablet":3,"minecraft:tuff":379,"minecraft:pointed_dripstone":2,"minecraft:rotten_flesh":4,"minecraft:iron_boots":1,"alexscaves:cave_book":1,"minecraft:iron_chestplate":1,"minecraft:andesite":16,"minecraft:golden_leggings":1,"minecraft:oak_sapling":4,"minecraft:acacia_sapling":32,"minecraft:spider_eye":1,"minecraft:raw_gold":1,"minecraft:egg":2},"minecraft:killed_by":{"minecraft:creeper":1,"minecraft:skeleton":5}},"DataVersion":3465}