{"stats":{"minecraft:killed":{"minecraft:husk":13,"minecraft:spider":5,"minecraft:rabbit":1,"minecraft:creeper":3,"minecraft:skeleton":6,"minecraft:zombie":1,"minecraft:enderman":2},"minecraft:custom":{"minecraft:mob_kills":78,"minecraft:inspect_hopper":1,"minecraft:play_record":1,"minecraft:interact_with_crafting_table":1,"minecraft:interact_with_cartography_table":2,"minecraft:open_barrel":2,"minecraft:interact_with_loom":3,"minecraft:leave_game":3,"minecraft:time_since_death":141001,"minecraft:climb_one_cm":540,"minecraft:time_since_rest":140618,"minecraft:sprint_one_cm":335459,"minecraft:damage_absorbed":61,"minecraft:damage_taken":444,"minecraft:walk_one_cm":1150928,"minecraft:drop":412,"minecraft:damage_dealt":5732,"minecraft:damage_dealt_absorbed":965,"minecraft:fly_one_cm":1484344,"minecraft:player_kills":2,"minecraft:open_chest":4,"minecraft:crouch_one_cm":2200,"minecraft:play_time":225456,"minecraft:sneak_time":985,"tombstone:undead_killed":20,"minecraft:deaths":1,"minecraft:walk_under_water_one_cm":13992,"minecraft:jump":1637,"minecraft:walk_on_water_one_cm":13048,"minecraft:total_world_time":225456,"minecraft:fall_one_cm":7031},"minecraft:dropped":{"minecraft:enchanted_book":1,"alexscaves:raw_azure_neodymium":2,"epicfight:netherite_greatsword":1,"minecraft:cooked_chicken":69,"minecraft:raw_iron":1,"minecraft:iron_helmet":2,"minecraft:cobblestone":8,"minecraft:rotten_flesh":1,"alexscaves:hazmat_mask":1,"minecraft:iron_boots":2,"travelersbackpack:bat":1,"minecraft:golden_apple":224,"alexscaves:radon_bottle":1,"minecraft:stick":1,"minecraft:filled_map":5,"alexscaves:acid_bucket":1,"alexscaves:scarlet_neodymium_pillar":2,"minecraft:dirt":1,"minecraft:diorite":3,"minecraft:azalea_leaves":1,"minecraft:iron_chestplate":2,"alexscaves:hazmat_chestplate":1,"minecraft:map":1,"minecraft:iron_leggings":2,"alexscaves:cave_map":6,"minecraft:flowering_azalea":2,"minecraft:sandstone":209,"alexscaves:hazmat_boots":1,"relics:arrow_quiver":2,"minecraft:sand":151,"minecraft:arrow":67,"minecraft:bow":1,"twilightforest:knightmetal_sword":1,"alexscaves:tesla_bulb":3,"minecraft:cactus":1,"alexscaves:charred_remnant":1,"alexscaves:hazmat_leggings":1,"minecraft:oak_leaves":1,"alexscaves:radgill_bucket":1,"minecraft:spruce_sapling":2,"epicfight:skillbook":27,"minecraft:bone":2},"minecraft:picked_up":{"minecraft:iron_chestplate":1,"minecraft:clay_ball":16,"minecraft:andesite":1,"minecraft:filled_map":1,"minecraft:enchanted_book":1,"minecraft:gunpowder":1,"alexscaves:hazmat_leggings":1,"alexscaves:charred_remnant":1,"minecraft:dirt":1,"minecraft:string":3,"relics:enders_hand":2,"minecraft:raw_copper":5,"minecraft:iron_leggings":1,"minecraft:bone":6,"alexscaves:hazmat_mask":1,"alexscaves:magnetic_light":3,"minecraft:cooked_chicken":5,"minecraft:rabbit":1,"minecraft:flowering_azalea":2,"minecraft:iron_boots":1,"minecraft:stick":6,"minecraft:raw_iron":1,"minecraft:sandstone":241,"alexscaves:tesla_bulb":3,"alexscaves:raw_azure_neodymium":2,"epicfight:skillbook":16,"minecraft:sand":196,"minecraft:spruce_sapling":2,"tombstone:grave_dust":2,"minecraft:diorite":3,"minecraft:spider_eye":4,"minecraft:bundle":1,"minecraft:arrow":5,"minecraft:cactus":1,"minecraft:rotten_flesh":7,"relics:arrow_quiver":3,"minecraft:iron_helmet":1,"minecraft:granite":6,"artifacts:running_shoes":1,"minecraft:golden_apple":128,"alexscaves:scarlet_neodymium_pillar":1,"alexscaves:cave_map":4,"minecraft:cobblestone":25,"minecraft:ender_pearl":1},"minecraft:used":{"alexscaves:quarry_smasher":1,"advancednetherite:netherite_diamond_sword":7,"epicfight:skillbook":44,"relics:researching_table":2,"minecraft:cartography_table":1,"alexscaves:scarlet_neodymium_pillar":8,"minecraft:sandstone":37,"twilightforest:knightmetal_sword":5,"minecraft:oak_leaves":6,"alexscaves:tremorzilla_egg":2,"minecraft:golden_apple":4,"minecraft:sand":22,"minecraft:hopper":1,"minecraft:loom":1,"alexscaves:cave_book":1,"minecraft:milk_bucket":3,"minecraft:warden_spawn_egg":1,"wom:agony":46,"epicfight:netherite_tachi":51,"minecraft:filled_map":1,"minecraft:grass_block":30,"epicfight:netherite_dagger":3,"minecraft:map":5,"alexscaves:remote_detonator":2,"minecraft:item_frame":13,"minecraft:cobblestone":19,"minecraft:bow":41,"alexscaves:music_disc_fusion":1,"ironchest:obsidian_chest":1,"minecraft:white_banner":2,"tombstone:gift":4,"alexscaves:magnetic_light":46,"alexscaves:quarry":1,"alexscaves:nuclear_bomb":2,"minecraft:jukebox":1,"epicfight:uchigatana":2}},"DataVersion":3465}