{"stats":{"minecraft:picked_up":{"minecraft:wheat":265,"minecraft:charcoal":52,"minecraft:crafting_table":4,"minecraft:azure_bluet":1,"minecraft:chicken":2,"minecraft:wooden_pickaxe":1,"minecraft:pink_wool":1,"alexscaves:cave_tablet":9,"minecraft:brown_bed":1,"minecraft:enchanted_book":1,"minecraft:amethyst_block":64,"minecraft:string":32,"minecraft:raw_copper":26,"minecraft:wooden_sword":1,"minecraft:cobbled_deepslate":942,"minecraft:beef":38,"minecraft:poppy":3,"minecraft:iron_pickaxe":1,"minecraft:sugar_cane":9,"minecraft:furnace":6,"minecraft:egg":2,"minecraft:stick":31,"minecraft:raw_iron":152,"minecraft:copper_ingot":1,"minecraft:torch":7,"minecraft:acacia_log":82,"epicfight:skillbook":7,"minecraft:porkchop":36,"minecraft:pointed_dripstone":4,"tombstone:grave_dust":3,"minecraft:diorite":2,"minecraft:redstone":27,"tombstone:tablet_of_cupidity":1,"minecraft:tnt":4,"minecraft:arrow":12,"minecraft:rotten_flesh":11,"minecraft:hay_block":4,"alexscaves:spelunkery_table":2,"minecraft:glow_berries":3,"minecraft:mutton":7,"minecraft:cobblestone":191,"minecraft:white_wool":6,"minecraft:stripped_oak_log":3,"minecraft:magma_block":1,"minecraft:feather":7,"minecraft:cooked_beef":12,"minecraft:andesite":17,"minecraft:black_bed":7,"minecraft:leather":24,"minecraft:golden_leggings":1,"alexscaves:cave_book":1,"minecraft:flint":1,"minecraft:tuff":490,"minecraft:oak_log":52,"minecraft:lapis_lazuli":28,"minecraft:dirt":13,"minecraft:name_tag":1,"minecraft:cooked_mutton":3,"minecraft:bone":11,"minecraft:acacia_planks":3,"minecraft:wheat_seeds":748,"minecraft:raw_gold":18,"minecraft:iron_ingot":6,"minecraft:gray_bed":1,"minecraft:oak_planks":1,"minecraft:acacia_sapling":32,"minecraft:pumpkin":9,"minecraft:dripstone_block":3,"minecraft:gravel":15,"minecraft:sand":42,"minecraft:amethyst_shard":4,"minecraft:spider_eye":2,"minecraft:mossy_cobblestone":2,"minecraft:diamond":4,"ironfurnaces:copper_furnace":3,"minecraft:granite":16,"minecraft:bone_meal":4,"alexscaves:cave_map":1,"minecraft:oak_sapling":22,"minecraft:dark_oak_fence":4,"minecraft:coal":87},"minecraft:mined":{"minecraft:large_amethyst_bud":1,"alexscaves:spelunkery_table":1,"minecraft:tuff":22,"minecraft:mossy_cobblestone":2,"minecraft:granite":16,"minecraft:dark_oak_fence":12,"minecraft:acacia_log":88,"minecraft:grass_block":7,"minecraft:hay_block":4,"minecraft:magma_block":1,"minecraft:furnace":6,"minecraft:iron_ore":48,"minecraft:cobbled_deepslate":1,"minecraft:andesite":9,"minecraft:pumpkin":10,"minecraft:deepslate_lapis_ore":2,"minecraft:brown_bed":1,"minecraft:pointed_dripstone":3,"minecraft:deepslate_iron_ore":59,"minecraft:stripped_oak_log":3,"minecraft:stone":144,"minecraft:white_wool":5,"minecraft:medium_amethyst_bud":1,"ironfurnaces:copper_furnace":3,"minecraft:crafting_table":4,"minecraft:torch":1,"minecraft:tall_grass":11,"minecraft:copper_ore":1,"minecraft:cobblestone":7,"minecraft:deepslate_gold_ore":17,"minecraft:oak_planks":1,"minecraft:diorite":4,"minecraft:wall_torch":3,"minecraft:deepslate_copper_ore":5,"minecraft:wheat":209,"minecraft:gray_bed":1,"minecraft:black_bed":5,"minecraft:tnt":4,"minecraft:grass":33,"minecraft:oak_log":57,"minecraft:coal_ore":73,"minecraft:sand":19,"minecraft:gravel":4,"minecraft:dirt":7,"minecraft:cobweb":26,"minecraft:acacia_planks":3,"minecraft:oak_leaves":1,"minecraft:deepslate":76},"minecraft:killed":{"minecraft:cave_spider":5,"minecraft:spider":2,"minecraft:horse":3,"minecraft:skeleton":9,"minecraft:chicken":2,"minecraft:pig":15,"minecraft:creeper":3,"minecraft:sheep":2,"minecraft:pillager":2,"minecraft:zombie":9,"minecraft:cow":14},"minecraft:custom":{"minecraft:mob_kills":66,"minecraft:interact_with_crafting_table":50,"minecraft:open_barrel":4,"minecraft:leave_game":1,"minecraft:time_since_death":46097,"minecraft:climb_one_cm":848,"minecraft:sprint_one_cm":557567,"minecraft:walk_one_cm":1344002,"minecraft:drop":165,"minecraft:damage_dealt_absorbed":205,"minecraft:play_time":217102,"minecraft:deaths":9,"minecraft:sneak_time":2519,"minecraft:walk_under_water_one_cm":21059,"minecraft:jump":2605,"minecraft:walk_on_water_one_cm":41199,"minecraft:total_world_time":217102,"minecraft:interact_with_furnace":134,"tombstone:raider_killed":2,"minecraft:interact_with_loom":10,"minecraft:sleep_in_bed":8,"minecraft:time_since_rest":5187,"minecraft:damage_taken":3638,"minecraft:damage_dealt":10449,"minecraft:swim_one_cm":6311,"minecraft:fly_one_cm":606591,"minecraft:player_kills":3,"minecraft:open_chest":23,"minecraft:crouch_one_cm":14933,"tombstone:undead_killed":18,"minecraft:fall_one_cm":62674},"minecraft:used":{"ironfurnaces:copper_furnace":4,"minecraft:stone_sword":108,"minecraft:cooked_chicken":1,"minecraft:torch":77,"minecraft:dirt":12,"minecraft:carrot":7,"wom:stone_staff":325,"minecraft:tuff":9,"minecraft:wooden_axe":57,"minecraft:iron_axe":5,"alexscaves:spelunkery_table":1,"minecraft:oak_sapling":1,"minecraft:furnace":6,"tombstone:gift":7,"minecraft:acacia_planks":7,"minecraft:cobbled_deepslate":51,"minecraft:brown_bed":1,"minecraft:pointed_dripstone":1,"minecraft:wheat_seeds":269,"minecraft:water_bucket":2,"epicfight:skillbook":15,"minecraft:diorite":1,"minecraft:stone_pickaxe":131,"minecraft:wooden_pickaxe":102,"epicfight:iron_longsword":1,"minecraft:glow_berries":6,"minecraft:crafting_table":6,"alexscaves:cave_book":2,"minecraft:black_bed":4,"justhammers:iron_hammer":164,"minecraft:bread":5,"minecraft:iron_pickaxe":274,"minecraft:stone_axe":145,"minecraft:wooden_sword":34,"minecraft:cobblestone":33,"travelersbackpack:standard":4,"minecraft:dark_oak_fence":4,"minecraft:cooked_porkchop":19,"minecraft:bucket":8},"minecraft:broken":{"wom:stone_staff":1,"minecraft:stone_sword":1,"minecraft:wooden_pickaxe":1,"minecraft:stone_pickaxe":1,"minecraft:stone_axe":1,"minecraft:iron_pickaxe":2,"minecraft:wooden_axe":1},"minecraft:crafted":{"minecraft:wooden_sword":2,"minecraft:oak_planks":36,"wom:stone_staff":1,"minecraft:cooked_chicken":0,"minecraft:furnace":3,"minecraft:cooked_mutton":4,"minecraft:glass_pane":16,"minecraft:glass":0,"travelersbackpack:white_sleeping_bag":2,"minecraft:iron_boots":3,"minecraft:iron_axe":1,"minecraft:stone_pickaxe":1,"epicfight:iron_greatsword":1,"minecraft:chest":2,"minecraft:redstone_block":7,"minecraft:wheat":36,"minecraft:cooked_porkchop":18,"minecraft:crafting_table":3,"travelersbackpack:standard":2,"travelersbackpack:backpack_tank":4,"minecraft:wooden_pickaxe":1,"minecraft:iron_helmet":1,"minecraft:iron_sword":1,"minecraft:copper_ingot":19,"epicfight:iron_longsword":1,"minecraft:bucket":2,"minecraft:stone_axe":1,"minecraft:bread":13,"minecraft:air":0,"ironfurnaces:copper_furnace":3,"justhammers:iron_hammer":2,"minecraft:white_wool":8,"minecraft:iron_chestplate":3,"minecraft:charcoal":98,"minecraft:stick":28,"minecraft:iron_pickaxe":2,"minecraft:iron_ingot":82,"minecraft:wooden_axe":1,"minecraft:stone_sword":1,"minecraft:iron_leggings":3,"minecraft:gold_ingot":39,"minecraft:acacia_planks":32,"minecraft:torch":92},"minecraft:dropped":{"minecraft:iron_ingot":5,"minecraft:wheat_seeds":4,"minecraft:cooked_beef":12,"minecraft:mossy_cobblestone":2,"minecraft:dripstone_block":3,"minecraft:crossbow":1,"minecraft:feather":4,"minecraft:cobblestone":102,"minecraft:black_bed":2,"minecraft:amethyst_block":64,"minecraft:granite":16,"travelersbackpack:standard":1,"minecraft:stick":2,"minecraft:flint":1,"epicfight:iron_longsword":1,"minecraft:dirt":1,"minecraft:diorite":1,"minecraft:torch":10,"minecraft:gray_bed":1,"epicfight:iron_greatsword":1,"minecraft:iron_leggings":1,"minecraft:wooden_sword":3,"minecraft:paper":21,"minecraft:bucket":1,"minecraft:redstone":5,"minecraft:cobbled_deepslate":535,"minecraft:raw_copper":42,"alexscaves:cave_tablet":3,"minecraft:tuff":480,"minecraft:pointed_dripstone":3,"minecraft:rotten_flesh":11,"minecraft:iron_boots":2,"alexscaves:cave_codex":1,"minecraft:stripped_oak_log":1,"minecraft:cooked_mutton":7,"justhammers:iron_hammer":2,"minecraft:glass_pane":16,"alexscaves:cave_book":1,"minecraft:iron_chestplate":2,"minecraft:charcoal":31,"minecraft:andesite":17,"minecraft:golden_leggings":1,"minecraft:oak_sapling":21,"minecraft:acacia_sapling":32,"minecraft:spider_eye":2,"minecraft:arrow":20,"minecraft:wooden_pickaxe":1,"minecraft:raw_gold":1,"minecraft:magma_block":1,"epicfight:skillbook":3,"minecraft:egg":2},"minecraft:killed_by":{"minecraft:creeper":1,"minecraft:iron_golem":1,"minecraft:cave_spider":1,"minecraft:skeleton":6}},"DataVersion":3465}