{"stats":{"minecraft:picked_up":{"minecraft:charcoal":21,"minecraft:crafting_table":3,"minecraft:feather":2,"minecraft:cooked_beef":12,"minecraft:chicken":1,"minecraft:andesite":16,"minecraft:leather":2,"minecraft:pink_wool":1,"minecraft:flint":1,"alexscaves:cave_book":1,"minecraft:tuff":329,"minecraft:oak_log":11,"minecraft:lapis_lazuli":28,"minecraft:dirt":3,"minecraft:string":11,"minecraft:raw_copper":26,"minecraft:wooden_sword":1,"minecraft:cooked_mutton":3,"minecraft:bone":2,"minecraft:acacia_planks":3,"minecraft:wheat_seeds":2,"minecraft:cobbled_deepslate":741,"minecraft:raw_gold":1,"minecraft:beef":6,"minecraft:acacia_sapling":32,"minecraft:egg":2,"minecraft:furnace":3,"minecraft:raw_iron":12,"minecraft:stick":16,"minecraft:pumpkin":9,"minecraft:torch":5,"minecraft:acacia_log":82,"minecraft:gravel":15,"minecraft:porkchop":18,"minecraft:diorite":1,"minecraft:redstone":27,"minecraft:mossy_cobblestone":2,"minecraft:tnt":1,"minecraft:rotten_flesh":1,"minecraft:diamond":1,"alexscaves:spelunkery_table":1,"minecraft:oak_sapling":4,"minecraft:coal":9,"minecraft:mutton":7,"minecraft:white_wool":1,"minecraft:cobblestone":101},"minecraft:mined":{"alexscaves:spelunkery_table":1,"minecraft:tuff":22,"minecraft:mossy_cobblestone":2,"minecraft:crafting_table":3,"minecraft:torch":1,"minecraft:acacia_log":88,"minecraft:grass_block":1,"minecraft:copper_ore":1,"minecraft:tall_grass":2,"minecraft:cobblestone":2,"minecraft:wall_torch":2,"minecraft:deepslate_copper_ore":5,"minecraft:furnace":3,"minecraft:cobbled_deepslate":1,"minecraft:iron_ore":7,"minecraft:andesite":8,"minecraft:pumpkin":10,"minecraft:tnt":1,"minecraft:deepslate_lapis_ore":2,"minecraft:grass":14,"minecraft:coal_ore":10,"minecraft:oak_log":11,"minecraft:deepslate_iron_ore":1,"minecraft:gravel":4,"minecraft:dirt":3,"minecraft:cobweb":7,"minecraft:acacia_planks":3,"minecraft:stone":89,"minecraft:deepslate":26},"minecraft:killed":{"minecraft:pig":8,"minecraft:spider":1,"minecraft:sheep":2,"minecraft:skeleton":2,"minecraft:zombie":1,"minecraft:chicken":1,"minecraft:cow":3},"minecraft:custom":{"minecraft:interact_with_furnace":43,"minecraft:mob_kills":18,"minecraft:interact_with_crafting_table":12,"minecraft:open_barrel":1,"minecraft:interact_with_loom":1,"minecraft:time_since_death":902,"minecraft:time_since_rest":1,"minecraft:sprint_one_cm":100506,"minecraft:damage_taken":1643,"minecraft:walk_one_cm":344077,"minecraft:drop":53,"minecraft:damage_dealt":2779,"minecraft:damage_dealt_absorbed":29,"minecraft:fly_one_cm":133018,"minecraft:player_kills":2,"minecraft:crouch_one_cm":521,"minecraft:play_time":50889,"tombstone:undead_killed":3,"minecraft:deaths":5,"minecraft:sneak_time":120,"minecraft:walk_under_water_one_cm":1260,"minecraft:jump":571,"minecraft:walk_on_water_one_cm":3371,"minecraft:total_world_time":50889,"minecraft:fall_one_cm":15526},"minecraft:used":{"minecraft:stone_sword":35,"minecraft:stone_pickaxe":123,"minecraft:wooden_pickaxe":59,"minecraft:torch":18,"minecraft:dirt":3,"minecraft:crafting_table":4,"alexscaves:cave_book":2,"justhammers:iron_hammer":125,"minecraft:wooden_axe":57,"minecraft:stone_axe":64,"minecraft:wooden_sword":34,"minecraft:furnace":6,"minecraft:cooked_porkchop":7,"tombstone:gift":1,"minecraft:cobbled_deepslate":3,"minecraft:acacia_planks":7},"minecraft:broken":{"minecraft:wooden_axe":1,"minecraft:wooden_pickaxe":1},"minecraft:crafted":{"minecraft:wooden_sword":2,"minecraft:oak_planks":8,"minecraft:cooked_porkchop":18,"minecraft:crafting_table":2,"minecraft:wooden_pickaxe":1,"minecraft:furnace":3,"minecraft:stone_axe":1,"minecraft:cooked_mutton":4,"minecraft:air":0,"justhammers:iron_hammer":2,"minecraft:charcoal":28,"minecraft:stick":20,"minecraft:iron_ingot":12,"minecraft:stone_pickaxe":1,"minecraft:wooden_axe":1,"minecraft:stone_sword":1,"minecraft:acacia_planks":32,"minecraft:torch":36},"minecraft:dropped":{"minecraft:iron_ingot":4,"minecraft:wheat_seeds":1,"minecraft:cooked_beef":6,"minecraft:cobbled_deepslate":400,"minecraft:raw_copper":26,"minecraft:mossy_cobblestone":2,"alexscaves:cave_tablet":1,"minecraft:tuff":329,"minecraft:rotten_flesh":1,"minecraft:feather":2,"minecraft:cobblestone":74,"alexscaves:cave_book":1,"minecraft:diorite":1,"minecraft:andesite":16,"minecraft:acacia_sapling":32,"minecraft:oak_sapling":4,"minecraft:wooden_sword":3,"minecraft:raw_gold":1,"minecraft:egg":2},"minecraft:killed_by":{"minecraft:skeleton":5}},"DataVersion":3465}