{"stats":{"minecraft:picked_up":{"minecraft:wheat":325,"alexscaves:cave_tablet":9,"minecraft:brown_bed":1,"minecraft:enchanted_book":1,"tombstone:grave_key":1,"minecraft:amethyst_block":64,"minecraft:raw_copper":26,"minecraft:string":35,"minecraft:armor_stand":2,"minecraft:cobbled_deepslate":942,"minecraft:iron_pickaxe":1,"minecraft:melon_slice":26,"minecraft:furnace":6,"minecraft:stick":78,"epicfight:diamond_greatsword":1,"minecraft:torch":9,"minecraft:acacia_log":321,"epicfight:skillbook":10,"minecraft:porkchop":89,"tombstone:grave_dust":5,"minecraft:pointed_dripstone":4,"minecraft:diorite":2,"tombstone:tablet_of_cupidity":1,"minecraft:rotten_flesh":22,"minecraft:cobblestone":191,"minecraft:magma_block":1,"minecraft:feather":7,"minecraft:cooked_beef":12,"minecraft:andesite":17,"minecraft:black_bed":7,"minecraft:golden_leggings":1,"minecraft:smoker":1,"minecraft:flint":1,"alexscaves:cave_book":1,"minecraft:tuff":490,"minecraft:dirt":27,"minecraft:lapis_lazuli":28,"minecraft:lantern":2,"minecraft:name_tag":1,"minecraft:bone":16,"minecraft:glass":33,"minecraft:acacia_planks":5,"minecraft:wheat_seeds":920,"minecraft:raw_gold":73,"minecraft:fletching_table":1,"minecraft:oak_planks":1,"minecraft:sand":125,"minecraft:grass_block":1,"minecraft:acacia_stairs":1,"minecraft:mossy_cobblestone":2,"minecraft:diamond":39,"minecraft:crossbow":3,"minecraft:granite":16,"minecraft:bone_meal":7,"minecraft:golden_apple":1,"minecraft:emerald":3,"minecraft:oak_sapling":39,"minecraft:dark_oak_fence":4,"minecraft:charcoal":52,"minecraft:crafting_table":4,"minecraft:azure_bluet":1,"minecraft:chicken":2,"minecraft:wooden_pickaxe":1,"minecraft:pink_wool":1,"relics:leather_belt":1,"minecraft:wooden_sword":1,"minecraft:item_frame":8,"minecraft:beef":100,"minecraft:player_head":2,"minecraft:poppy":3,"minecraft:light_gray_wool":3,"minecraft:sugar_cane":44,"minecraft:egg":3,"minecraft:raw_iron":152,"minecraft:copper_ingot":1,"minecraft:redstone":27,"minecraft:tnt":4,"minecraft:arrow":103,"minecraft:weeping_vines":2,"minecraft:hay_block":35,"alexscaves:spelunkery_table":2,"minecraft:glow_berries":3,"minecraft:mutton":11,"minecraft:white_wool":12,"minecraft:stripped_oak_log":3,"minecraft:leather":57,"minecraft:oak_log":97,"minecraft:white_banner":2,"minecraft:cooked_mutton":3,"minecraft:apple":3,"minecraft:iron_ingot":15,"minecraft:gray_bed":1,"minecraft:acacia_sapling":95,"minecraft:book":165,"minecraft:pumpkin":9,"minecraft:dripstone_block":3,"minecraft:gravel":15,"minecraft:amethyst_shard":4,"minecraft:spider_eye":2,"travelersbackpack:standard":3,"minecraft:slime_ball":2,"ironfurnaces:copper_furnace":3,"alexscaves:cave_map":1,"tombstone:magic_scroll":1,"minecraft:black_wool":2,"minecraft:coal":87,"minecraft:ender_pearl":1},"minecraft:mined":{"minecraft:large_amethyst_bud":1,"minecraft:granite":16,"minecraft:acacia_log":343,"minecraft:grass_block":16,"minecraft:magma_block":1,"minecraft:iron_ore":48,"minecraft:cobbled_deepslate":1,"minecraft:pumpkin":10,"minecraft:deepslate_lapis_ore":2,"minecraft:fletching_table":1,"minecraft:brown_bed":1,"minecraft:pointed_dripstone":3,"minecraft:player_head":1,"minecraft:medium_amethyst_bud":1,"minecraft:smoker":1,"ironfurnaces:copper_furnace":3,"minecraft:torch":3,"minecraft:melon":5,"minecraft:spruce_wall_sign":1,"minecraft:cobblestone":7,"minecraft:oak_planks":1,"minecraft:sugar_cane":19,"minecraft:wall_torch":3,"minecraft:deepslate_copper_ore":5,"minecraft:wheat":271,"minecraft:tnt":4,"minecraft:black_bed":5,"minecraft:grass":60,"minecraft:oak_log":102,"minecraft:sand":58,"minecraft:dirt":12,"minecraft:oak_leaves":1,"minecraft:deepslate":76,"alexscaves:spelunkery_table":1,"minecraft:tuff":22,"minecraft:mossy_cobblestone":2,"minecraft:dark_oak_fence":12,"minecraft:hay_block":35,"minecraft:furnace":6,"minecraft:acacia_stairs":1,"minecraft:andesite":9,"minecraft:bookshelf":54,"minecraft:deepslate_iron_ore":59,"minecraft:stripped_oak_log":3,"minecraft:stone":144,"minecraft:white_wool":5,"minecraft:crafting_table":4,"minecraft:copper_ore":1,"minecraft:tall_grass":16,"minecraft:deepslate_gold_ore":17,"minecraft:diorite":4,"minecraft:gray_bed":1,"minecraft:coal_ore":73,"minecraft:gravel":4,"minecraft:cobweb":26,"minecraft:acacia_planks":5},"minecraft:killed":{"minecraft:cave_spider":5,"minecraft:spider":3,"minecraft:skeleton":14,"minecraft:chicken":2,"minecraft:pig":35,"minecraft:creeper":7,"minecraft:sheep":3,"minecraft:pillager":21,"minecraft:zombie":15,"minecraft:cow":36,"minecraft:vindicator":5,"minecraft:horse":3},"minecraft:custom":{"minecraft:animals_bred":5,"minecraft:interact_with_crafting_table":73,"minecraft:open_barrel":4,"minecraft:eat_cake_slice":2,"minecraft:leave_game":1,"minecraft:time_since_death":142097,"minecraft:sprint_one_cm":1023393,"minecraft:drop":215,"minecraft:talked_to_villager":17,"minecraft:play_time":313102,"minecraft:deaths":9,"minecraft:jump":4288,"minecraft:walk_on_water_one_cm":47168,"minecraft:interact_with_furnace":153,"minecraft:traded_with_villager":49,"minecraft:interact_with_loom":10,"minecraft:sleep_in_bed":10,"minecraft:waystone_activated":1,"minecraft:damage_dealt":23143,"minecraft:player_kills":3,"minecraft:crouch_one_cm":15219,"tombstone:undead_killed":29,"minecraft:interact_with_smoker":11,"minecraft:inspect_dispenser":1,"minecraft:interact_with_smithing_table":13,"minecraft:mob_kills":150,"minecraft:climb_one_cm":848,"minecraft:walk_one_cm":2049772,"minecraft:damage_dealt_absorbed":1426,"minecraft:sneak_time":2596,"minecraft:walk_under_water_one_cm":22745,"minecraft:total_world_time":313102,"tombstone:raider_killed":26,"minecraft:raid_trigger":1,"minecraft:time_since_rest":33577,"minecraft:damage_taken":5437,"minecraft:swim_one_cm":6311,"minecraft:fly_one_cm":1340442,"minecraft:open_chest":56,"minecraft:fall_one_cm":108401},"minecraft:used":{"minecraft:player_head":2,"minecraft:carrot":7,"minecraft:tuff":9,"minecraft:grass_block":1,"minecraft:lantern":2,"minecraft:item_frame":8,"minecraft:bow":64,"minecraft:furnace":6,"minecraft:oak_sapling":1,"minecraft:egg":1,"epicfight:skillbook":17,"minecraft:diorite":1,"minecraft:stone_pickaxe":131,"minecraft:wooden_pickaxe":102,"epicfight:iron_longsword":1,"minecraft:glow_berries":6,"minecraft:sand":1,"alexscaves:cave_book":2,"minecraft:crossbow":5,"minecraft:black_bed":5,"minecraft:bread":26,"minecraft:melon_slice":1,"minecraft:wooden_sword":34,"minecraft:dark_oak_fence":4,"ironfurnaces:copper_furnace":6,"minecraft:stone_sword":108,"minecraft:acacia_log":1,"minecraft:armor_stand":1,"minecraft:cooked_chicken":1,"minecraft:torch":80,"minecraft:dirt":21,"wom:stone_staff":325,"minecraft:wooden_axe":57,"minecraft:iron_axe":468,"epicfight:diamond_tachi":105,"alexscaves:spelunkery_table":1,"tombstone:gift":8,"minecraft:cooked_beef":17,"minecraft:cobbled_deepslate":51,"minecraft:acacia_planks":13,"minecraft:pointed_dripstone":1,"minecraft:iron_leggings":2,"minecraft:brown_bed":1,"minecraft:wheat_seeds":338,"minecraft:water_bucket":2,"minecraft:fletching_table":1,"minecraft:crafting_table":7,"minecraft:smoker":1,"justhammers:iron_hammer":164,"minecraft:acacia_stairs":1,"minecraft:iron_pickaxe":275,"minecraft:stone_axe":145,"minecraft:cobblestone":33,"travelersbackpack:standard":6,"minecraft:cooked_porkchop":19,"minecraft:bucket":8,"minecraft:diamond_leggings":2},"minecraft:broken":{"wom:stone_staff":1,"minecraft:stone_pickaxe":1,"minecraft:stone_axe":1,"minecraft:wooden_axe":1,"minecraft:stone_sword":1,"minecraft:wooden_pickaxe":1,"minecraft:iron_axe":1,"minecraft:iron_pickaxe":2},"minecraft:dropped":{"minecraft:cooked_beef":12,"minecraft:crossbow":1,"minecraft:weeping_vines":2,"minecraft:black_bed":2,"travelersbackpack:standard":5,"minecraft:flint":1,"minecraft:dirt":1,"relics:leather_belt":2,"minecraft:mutton":1,"minecraft:wooden_sword":3,"minecraft:white_wool":8,"minecraft:gold_ingot":36,"minecraft:armor_stand":1,"minecraft:cobbled_deepslate":535,"alexscaves:cave_tablet":3,"minecraft:pointed_dripstone":3,"minecraft:rotten_flesh":14,"minecraft:cooked_mutton":7,"justhammers:iron_hammer":2,"minecraft:azure_bluet":1,"minecraft:poppy":3,"alexscaves:cave_book":1,"minecraft:charcoal":31,"minecraft:acacia_sapling":36,"minecraft:arrow":40,"minecraft:egg":2,"epicfight:diamond_greatsword":1,"minecraft:iron_ingot":34,"minecraft:wheat_seeds":580,"minecraft:mossy_cobblestone":2,"minecraft:dripstone_block":3,"minecraft:feather":4,"minecraft:cobblestone":102,"minecraft:amethyst_block":64,"minecraft:granite":16,"minecraft:stick":6,"epicfight:iron_longsword":1,"minecraft:diorite":1,"tombstone:magic_scroll":1,"minecraft:torch":10,"minecraft:gray_bed":1,"epicfight:iron_greatsword":1,"minecraft:iron_leggings":1,"minecraft:paper":21,"minecraft:bucket":1,"minecraft:redstone":5,"minecraft:raw_copper":42,"minecraft:tuff":480,"minecraft:iron_boots":2,"alexscaves:cave_codex":1,"minecraft:stripped_oak_log":1,"minecraft:glass_pane":16,"minecraft:iron_chestplate":2,"minecraft:andesite":17,"minecraft:golden_leggings":1,"minecraft:oak_sapling":21,"minecraft:spider_eye":2,"relics:arrow_quiver":1,"minecraft:wooden_pickaxe":1,"minecraft:raw_gold":1,"minecraft:magma_block":1,"epicfight:skillbook":6},"minecraft:crafted":{"minecraft:oak_planks":48,"travelersbackpack:crafting_upgrade":3,"minecraft:cooked_chicken":0,"minecraft:cooked_mutton":8,"minecraft:glass":0,"minecraft:diamond_helmet":1,"minecraft:bow":1,"minecraft:diamond_leggings":1,"minecraft:iron_boots":3,"minecraft:chest":6,"travelersbackpack:iron_tier_upgrade":2,"minecraft:emerald":48,"minecraft:cooked_porkchop":32,"minecraft:crafting_table":6,"minecraft:iron_helmet":1,"minecraft:wooden_pickaxe":1,"travelersbackpack:standard":7,"minecraft:copper_ingot":19,"epicfight:iron_longsword":1,"minecraft:hay_block":36,"minecraft:iron_chestplate":3,"minecraft:charcoal":98,"minecraft:shield":1,"minecraft:stick":1852,"minecraft:iron_ingot":82,"minecraft:iron_pickaxe":2,"minecraft:stone_sword":1,"minecraft:gold_ingot":39,"epicfight:diamond_tachi":1,"minecraft:shears":1,"minecraft:wooden_sword":2,"wom:stone_staff":1,"minecraft:furnace":3,"travelersbackpack:blank_upgrade":12,"travelersbackpack:gold_tier_upgrade":1,"minecraft:glass_pane":16,"travelersbackpack:white_sleeping_bag":3,"minecraft:iron_axe":2,"minecraft:stone_pickaxe":1,"epicfight:iron_greatsword":1,"minecraft:diamond_boots":1,"minecraft:redstone_block":7,"minecraft:wheat":36,"minecraft:cooked_beef":38,"minecraft:diamond_sword":1,"travelersbackpack:backpack_tank":12,"minecraft:iron_sword":1,"minecraft:bucket":2,"minecraft:stone_axe":1,"minecraft:bread":13,"minecraft:air":0,"ironfurnaces:copper_furnace":3,"justhammers:iron_hammer":2,"minecraft:white_wool":8,"minecraft:wooden_axe":1,"minecraft:iron_leggings":3,"minecraft:acacia_planks":984,"minecraft:torch":92,"minecraft:diamond_chestplate":1},"minecraft:killed_by":{"minecraft:creeper":1,"minecraft:cave_spider":1,"minecraft:iron_golem":1,"minecraft:skeleton":6}},"DataVersion":3465}