{"stats":{"minecraft:picked_up":{"minecraft:iron_chestplate":1,"minecraft:chainmail_boots":1,"minecraft:clay_ball":18,"minecraft:stone_brick_wall":2,"minecraft:enchanted_book":5,"minecraft:stone_brick_stairs":2,"minecraft:string":3,"minecraft:raw_copper":5,"minecraft:iron_leggings":1,"minecraft:item_frame":1,"bosses_of_mass_destruction:soul_star":1,"alexscaves:magnetic_light":3,"minecraft:beef":6,"minecraft:spruce_slab":1,"minecraft:phantom_membrane":6,"minecraft:iron_boots":1,"minecraft:stick":6,"minecraft:raw_iron":1,"minecraft:sandstone":241,"alexscaves:tesla_bulb":3,"alexscaves:raw_azure_neodymium":2,"epicfight:skillbook":17,"tombstone:grave_dust":8,"minecraft:diorite":3,"minecraft:dark_oak_planks":1,"minecraft:arrow":14,"minecraft:cactus":1,"minecraft:rotten_flesh":8,"minecraft:hay_block":13,"minecraft:polished_basalt":2,"relics:arrow_quiver":4,"artifacts:running_shoes":1,"minecraft:mutton":2,"minecraft:cod":1,"minecraft:snowball":5,"minecraft:white_wool":2,"minecraft:cobblestone":44,"minecraft:andesite":6,"minecraft:salmon":2,"minecraft:leather":3,"minecraft:filled_map":1,"minecraft:chainmail_chestplate":1,"minecraft:gunpowder":1,"alexscaves:hazmat_leggings":1,"alexscaves:charred_remnant":1,"minecraft:dirt":22,"relics:enders_hand":2,"minecraft:cooked_mutton":2,"minecraft:bone":14,"minecraft:stone_bricks":4,"alexscaves:hazmat_mask":1,"minecraft:bow":2,"minecraft:cooked_chicken":5,"minecraft:rabbit":1,"minecraft:flowering_azalea":2,"minecraft:dark_oak_stairs":5,"minecraft:gravel":1,"minecraft:sand":200,"minecraft:spruce_sapling":2,"minecraft:spider_eye":4,"minecraft:bundle":1,"minecraft:iron_helmet":1,"minecraft:granite":13,"minecraft:chainmail_helmet":1,"minecraft:golden_apple":129,"alexscaves:scarlet_neodymium_pillar":1,"minecraft:emerald":2,"minecraft:bread":2,"alexscaves:cave_map":4,"tombstone:magic_scroll":1,"minecraft:ender_pearl":1},"minecraft:dropped":{"minecraft:enchanted_book":1,"alexscaves:raw_azure_neodymium":2,"epicfight:netherite_greatsword":1,"minecraft:dark_oak_stairs":2,"minecraft:crossbow":1,"minecraft:iron_helmet":2,"minecraft:cobblestone":8,"alexscaves:hazmat_mask":1,"minecraft:golden_apple":224,"minecraft:cod":1,"minecraft:stick":1,"alexscaves:scarlet_neodymium_pillar":2,"minecraft:dirt":1,"minecraft:diorite":3,"minecraft:map":1,"minecraft:iron_leggings":2,"alexscaves:cave_map":6,"minecraft:flowering_azalea":2,"alexscaves:hazmat_boots":1,"minecraft:sand":151,"minecraft:polished_basalt":2,"alexscaves:tesla_bulb":3,"minecraft:cactus":1,"minecraft:dark_oak_planks":1,"alexscaves:hazmat_leggings":1,"minecraft:spruce_sapling":2,"minecraft:bone":2,"minecraft:cooked_chicken":69,"minecraft:raw_iron":1,"minecraft:rotten_flesh":1,"minecraft:iron_boots":2,"travelersbackpack:bat":1,"alexscaves:radon_bottle":1,"minecraft:filled_map":5,"alexscaves:acid_bucket":1,"minecraft:azalea_leaves":1,"minecraft:iron_chestplate":2,"alexscaves:hazmat_chestplate":1,"minecraft:sandstone":209,"minecraft:arrow":515,"relics:arrow_quiver":2,"minecraft:bow":2,"twilightforest:knightmetal_sword":1,"alexscaves:charred_remnant":1,"alexscaves:radgill_bucket":1,"minecraft:oak_leaves":1,"epicfight:skillbook":27},"minecraft:custom":{"minecraft:mob_kills":134,"minecraft:inspect_hopper":1,"minecraft:interact_with_crafting_table":1,"minecraft:open_barrel":2,"minecraft:leave_game":4,"minecraft:time_since_death":36807,"minecraft:climb_one_cm":540,"minecraft:sprint_one_cm":541895,"minecraft:walk_one_cm":1587676,"minecraft:drop":428,"minecraft:damage_dealt_absorbed":1420,"minecraft:play_time":285263,"minecraft:deaths":5,"minecraft:sneak_time":1165,"minecraft:walk_under_water_one_cm":46671,"minecraft:jump":2607,"minecraft:walk_on_water_one_cm":59890,"minecraft:total_world_time":285263,"minecraft:interact_with_furnace":1,"tombstone:raider_killed":27,"minecraft:play_record":1,"minecraft:interact_with_cartography_table":2,"minecraft:interact_with_loom":3,"minecraft:time_since_rest":36188,"minecraft:waystone_activated":1,"minecraft:damage_taken":6448,"minecraft:damage_absorbed":1595,"minecraft:damage_dealt":8138,"minecraft:swim_one_cm":80862,"minecraft:fly_one_cm":2098618,"minecraft:player_kills":2,"minecraft:open_chest":14,"minecraft:crouch_one_cm":3182,"tombstone:undead_killed":63,"minecraft:fall_one_cm":50687},"minecraft:killed":{"minecraft:spider":5,"minecraft:cod":2,"minecraft:phantom":27,"minecraft:skeleton":14,"bosses_of_mass_destruction:lich":1,"minecraft:husk":13,"minecraft:salmon":4,"minecraft:rabbit":1,"minecraft:creeper":3,"minecraft:sheep":2,"minecraft:zombie":8,"minecraft:cow":4,"minecraft:enderman":2},"minecraft:mined":{"minecraft:dark_oak_planks":1,"minecraft:hay_block":13,"minecraft:dark_oak_stairs":3,"minecraft:spruce_slab":1,"minecraft:ice":2},"minecraft:killed_by":{"bosses_of_mass_destruction:lich":3},"minecraft:used":{"advancednetherite:netherite_diamond_sword":7,"minecraft:spruce_slab":1,"twilightforest:knightmetal_sword":5,"paraglider:goddess_statue":1,"minecraft:dirt":1,"minecraft:hopper":1,"minecraft:milk_bucket":3,"minecraft:warden_spawn_egg":1,"wom:agony":46,"epicfight:netherite_tachi":82,"minecraft:filled_map":1,"minecraft:grass_block":30,"alexscaves:remote_detonator":2,"minecraft:stone_bricks":16,"minecraft:item_frame":14,"minecraft:bow":325,"minecraft:hay_block":1,"ironchest:obsidian_chest":1,"tombstone:gift":8,"alexscaves:quarry_smasher":1,"minecraft:cooked_mutton":1,"minecraft:dark_oak_stairs":3,"epicfight:skillbook":44,"relics:researching_table":3,"minecraft:cartography_table":1,"alexscaves:scarlet_neodymium_pillar":8,"minecraft:sandstone":37,"minecraft:oak_leaves":6,"alexscaves:tremorzilla_egg":2,"minecraft:golden_apple":69,"minecraft:sand":22,"minecraft:loom":1,"alexscaves:cave_book":1,"epicfight:netherite_dagger":3,"minecraft:map":5,"tombstone:magic_scroll":1,"minecraft:cobblestone":19,"minecraft:white_banner":2,"alexscaves:music_disc_fusion":1,"alexscaves:magnetic_light":46,"alexscaves:nuclear_bomb":2,"alexscaves:quarry":1,"minecraft:jukebox":1,"epicfight:uchigatana":2}},"DataVersion":3465}