{"stats":{"minecraft:picked_up":{"minecraft:raw_iron":17,"minecraft:stick":2,"minecraft:crafting_table":2,"minecraft:pumpkin":1,"minecraft:torch":1,"minecraft:acacia_log":4,"minecraft:oak_log":2,"minecraft:lapis_lazuli":10,"minecraft:dirt":24,"minecraft:string":13,"minecraft:stone_sword":1,"minecraft:wheat_seeds":3,"minecraft:acacia_sapling":2,"minecraft:oak_planks":3,"minecraft:coal":18,"minecraft:cobblestone":23},"minecraft:mined":{"minecraft:acacia_leaves":2,"minecraft:iron_ore":15,"minecraft:pumpkin":1,"minecraft:crafting_table":2,"minecraft:grass":10,"minecraft:acacia_log":4,"minecraft:oak_log":2,"minecraft:coal_ore":18,"minecraft:deepslate_iron_ore":2,"minecraft:cobweb":13,"minecraft:lapis_ore":2,"minecraft:stone":23,"minecraft:oak_planks":3,"minecraft:wall_torch":1},"minecraft:custom":{"minecraft:time_since_rest":10786,"minecraft:interact_with_furnace":6,"minecraft:sprint_one_cm":124508,"minecraft:damage_taken":555,"minecraft:walk_one_cm":96295,"minecraft:drop":1,"minecraft:damage_dealt":20,"minecraft:interact_with_crafting_table":8,"minecraft:fly_one_cm":119246,"minecraft:crouch_one_cm":6,"minecraft:play_time":26839,"minecraft:deaths":2,"minecraft:sneak_time":46,"minecraft:walk_under_water_one_cm":2484,"minecraft:jump":292,"minecraft:leave_game":3,"minecraft:time_since_death":11508,"minecraft:walk_on_water_one_cm":5809,"minecraft:total_world_time":26839,"minecraft:fall_one_cm":11644},"minecraft:used":{"minecraft:stone_sword":14,"minecraft:stone_pickaxe":39,"minecraft:wooden_pickaxe":21,"minecraft:torch":16,"minecraft:crafting_table":4,"minecraft:furnace":1,"minecraft:pumpkin":1},"minecraft:dropped":{"minecraft:stone_sword":1},"minecraft:crafted":{"minecraft:oak_planks":8,"minecraft:crafting_table":2,"minecraft:stick":4,"minecraft:wooden_pickaxe":1,"minecraft:iron_ingot":17,"minecraft:stone_pickaxe":1,"minecraft:stone_sword":1,"minecraft:furnace":1,"minecraft:acacia_planks":16,"minecraft:torch":4},"minecraft:killed_by":{"minecraft:player":1}},"DataVersion":3465}